PN_order,model,pade_num_degree,pade_den_degree,pade_label,sigma_power,a_max,S_max,M_at_max,J_at_max,chi_at_max,Ebind_at_max,a_merger_NR,delta_a,cost_Ebind,cost_chi,nfev_Ebind,nfev_chi,a_extrap_min,a_extrap_max,n_extrap,n_physical_points,physical_fraction,flags,status,error
0PN,Padé [1/1],1,1,Padé [1/1],1.0,2.8341834183418353,11.66397648449943,0.9786376911595749,0.33118307584116224,0.3457994188499493,-0.02136230884042503,3.141313659672962,0.30713024133112654,1.1559619545131739e-05,0.00012728852977228478,8,338,1.0,15.0,10000,10000,1.0,OK,success,
0PN,Padé [1/1],1,1,Padé [1/1],2.0,2.904190419041905,11.64920041785429,0.9784248453164783,0.3351995976937066,0.35014549588319105,-0.021575154683521527,3.141313659672962,0.23712324063105683,4.08424683095987e-06,4.553270474816351e-05,8,382,1.0,15.0,10000,10000,1.0,OK,success,
0PN,Padé [1/1],1,1,Padé [1/1],3.0,2.969996999699971,11.636275223707116,0.9782646433948081,0.3389435816741164,0.3541723878245602,-0.02173535660519174,3.141313659672962,0.17131665997299095,1.4430271981780152e-06,1.608310035616789e-05,8,338,1.0,15.0,10000,10000,1.0,OK,success,
0PN,Padé [1/1],1,1,Padé [1/1],4.0,3.021802180218023,11.626189958853969,0.978145449399556,0.34189217286496376,0.35734053290158824,-0.02185455060044383,3.141313659672962,0.119511479454939,5.349658176445615e-07,5.805433729522136e-06,8,393,1.0,15.0,10000,10000,1.0,OK,success,
0PN,Padé [2/1],2,1,Padé [2/1],1.0,4.378537853785378,11.492675046231088,0.9797289872990981,0.4071334766110228,0.4241553002351207,-0.02027101270090177,3.141313659672962,1.2372241941124162,0.0,5.187517082561044e-11,1,143,1.0,15.0,10000,10000,1.0,OK,success,
0PN,Padé [2/1],2,1,Padé [2/1],2.0,4.378537853785378,11.492650435886768,0.9797289872990981,0.40714183916331953,0.42416401241695767,-0.02027101270090176,3.141313659672962,1.2372241941124162,0.0,1.9305668175206847e-11,1,16,1.0,15.0,10000,10000,1.0,OK,success,
0PN,Padé [2/1],2,1,Padé [2/1],3.0,4.378537853785378,11.492627060715312,0.9797289872990981,0.4071497818120825,0.4241722871395346,-0.020271012700901807,3.141313659672962,1.2372241941124162,0.0,7.061906615035696e-12,1,16,1.0,15.0,10000,10000,1.0,OK,success,
0PN,Padé [2/1],2,1,Padé [2/1],4.0,4.378537853785378,11.492604791012356,0.9797289872990981,0.40715734865799696,0.42418017034734,-0.02027101270090184,3.141313659672962,1.2372241941124162,0.0,2.4993340730361524e-12,1,16,1.0,15.0,10000,10000,1.0,OK,success,
0PN,Padé [3/1],3,1,Padé [3/1],1.0,4.378537853785378,11.49266362563154,0.9797289872990981,0.40713735733697864,0.42415934321015836,-0.020271012700901845,3.141313659672962,1.2372241941124162,0.0,5.0848880661646945e-11,1,441,1.0,15.0,10000,10000,1.0,OK,success,
0PN,Padé [3/1],3,1,Padé [3/1],2.0,4.381338133813381,11.492424514574193,0.979741943275167,0.4073326095196229,0.42435153532354936,-0.020258056724832933,3.141313659672962,1.2400244741404194,0.0,1.8663071088553806e-11,1,18,1.0,15.0,10000,10000,1.0,OK,success,
0PN,Padé [3/1],3,1,Padé [3/1],3.0,4.381338133813381,11.492425325180525,0.979741943275167,0.40733233422876125,0.4243512485306507,-0.020258056724832926,3.141313659672962,1.2400244741404194,0.0,9.236833520276377e-12,1,17,1.0,15.0,10000,10000,1.0,OK,success,
0PN,Padé [3/1],3,1,Padé [3/1],4.0,4.381338133813381,11.492426802183205,0.979741943275167,0.40733183262175926,0.424350725965807,-0.020258056724832926,3.141313659672962,1.2400244741404194,0.0,4.46975789714088e-12,1,16,1.0,15.0,10000,10000,1.0,OK,success,
0PN,Padé [2/2],2,2,Padé [2/2],1.0,4.378537853785378,11.49267683013907,0.979728987299561,0.4071328704381204,0.4241546687183642,-0.020271012700438806,3.141313659672962,1.2372241941124162,0.0,5.342393194496253e-11,1,463,1.0,15.0,10000,10000,1.0,OK,success,
0PN,Padé [2/2],2,2,Padé [2/2],2.0,4.378537853785378,11.492662701008264,0.979728987299561,0.4071376715265737,0.42415967053528997,-0.0202710127004388,3.141313659672962,1.2372241941124162,0.0,2.1736390465321165e-11,1,504,1.0,15.0,10000,10000,1.0,OK,success,
0PN,Padé [2/2],2,2,Padé [2/2],3.0,4.377137713771377,11.492762863828661,0.9797225030950738,0.40704654447939503,0.4240703468483447,-0.02027749690492607,3.141313659672962,1.2358240540984156,0.0,1.7248868999786282e-11,1,16,1.0,15.0,10000,10000,1.0,OK,success,
0PN,Padé [2/2],2,2,Padé [2/2],4.0,4.3799379937993805,11.49252969423517,0.9797354673584214,0.40723989772260627,0.4242605584503794,-0.02026453264157843,3.141313659672962,1.2386243341264187,0.0,1.802513693860419e-11,1,15,1.0,15.0,10000,10000,1.0,OK,success,
0PN,Padé [3/2],3,2,Padé [3/2],1.0,4.3799379937993805,11.492526734760819,0.9797354673584214,0.4072409030536976,0.4242616057994545,-0.020264532641578435,3.141313659672962,1.2386243341264187,0.0,1.5386580898280044e-11,1,17,1.0,15.0,10000,10000,1.0,OK,success,
0PN,Padé [3/2],3,2,Padé [3/2],2.0,4.3799379937993805,11.492530267393757,0.9797354673584212,0.40723970302073725,0.42426035561091285,-0.020264532641578643,3.141313659672962,1.2386243341264187,0.0,7.148726055561383e-12,1,17,1.0,15.0,10000,10000,1.0,OK,success,
0PN,Padé [3/2],3,2,Padé [3/2],3.0,4.3799379937993805,11.492498046402904,0.9797354673584212,0.40725064830927493,0.4242717583596449,-0.02026453264157863,3.141313659672962,1.2386243341264187,0.0,2.021938172447335e-12,1,17,1.0,15.0,10000,10000,1.0,OK,success,
0PN,Padé [3/2],3,2,Padé [3/2],4.0,4.3799379937993805,11.49248318887252,0.9797354673584213,0.4072556952075516,0.42427701619389263,-0.020264532641578625,3.141313659672962,1.2386243341264187,0.0,6.339373470609644e-13,1,17,1.0,15.0,10000,10000,1.0,OK,success,
0PN,Padé [4/2],4,2,Padé [4/2],1.0,4.3869386938693875,11.492048569816303,0.979767805607248,0.40768767880634704,0.42469901797267995,-0.020232194392751954,3.141313659672962,1.2456250341964257,0.0,4.9649173661237e-13,1,17,1.0,15.0,10000,10000,1.0,OK,success,
0PN,Padé [4/2],4,2,Padé [4/2],2.0,4.391139113911391,11.491819467893812,0.979787159062608,0.40793546616372195,0.42494035665652374,-0.02021284093739186,3.141313659672962,1.2498254542384295,0.0,9.177103521551544e-13,1,15,1.0,15.0,10000,10000,1.0,OK,success,
0PN,Padé [4/2],4,2,Padé [4/2],3.0,4.395339533953395,11.491585107305154,0.9798064755275863,0.40818455327883824,0.42518306192978916,-0.020193524472413595,3.141313659672962,1.2540258742804333,0.0,8.528733275170453e-13,1,13,1.0,15.0,10000,10000,1.0,OK,success,
0PN,Padé [4/2],4,2,Padé [4/2],4.0,4.398139813981398,11.491480479578373,0.9798193326730309,0.4083328644045026,0.42532638690246205,-0.02018066732696901,3.141313659672962,1.2568261543084365,0.0,3.5127456499139953e-13,1,23,1.0,15.0,10000,10000,1.0,OK,success,
1PN,Padé [1/1],1,1,Padé [1/1],1.0,1.8624862486248634,11.406482765114298,0.977961513199577,0.42054115502401374,0.4397086158442444,-0.022038486800422825,3.141313659672962,1.2788274110480984,6.684177848992334e-07,0.002293431876901675,8,178,1.0,15.0,10000,10000,1.0,OK,success,
1PN,Padé [1/1],1,1,Padé [1/1],2.0,1.877887788778878,11.391126238918032,0.9778913141221153,0.42491165101752976,0.44434209904988375,-0.022108685877884598,3.141313659672962,1.2634258708940838,2.2863893045510508e-07,0.0009327562935228517,7,187,1.0,15.0,10000,10000,1.0,OK,success,
1PN,Padé [1/1],1,1,Padé [1/1],3.0,1.891889188918892,11.376597503465476,0.977837290314923,0.4290964963910655,0.44876789307972226,-0.022162709685076977,3.141313659672962,1.2494244707540698,7.603745544315643e-08,0.000374701065566585,1,203,1.0,15.0,10000,10000,1.0,OK,success,
1PN,Padé [1/1],1,1,Padé [1/1],4.0,1.9044904490449053,11.363918245599391,0.9778085271363213,0.4328566351124834,0.4527270443252917,-0.022191472863678563,3.141313659672962,1.2368232106280566,2.5138286563475276e-08,0.00015090770070691484,1,239,1.0,15.0,10000,10000,1.0,OK,success,
1PN,Padé [2/1],2,1,Padé [2/1],1.0,3.489448944894489,11.074521052691232,0.9839801327996549,0.5535841727687647,0.5717563613807791,-0.016019867200345008,3.141313659672962,0.34813528522152737,2.6998117075294203e-09,5.52580299295613e-08,11,971,1.0,15.0,10000,10000,1.0,OK,success,
1PN,Padé [2/1],2,1,Padé [2/1],2.0,3.4824482448244822,11.075567122367124,0.9839806113390448,0.5533482007513392,0.5715120873584594,-0.01601938866095506,3.141313659672962,0.3411345851515204,1.5904690897627916e-09,2.3773216284439513e-08,10,1055,1.0,15.0,10000,10000,1.0,OK,success,
1PN,Padé [2/1],2,1,Padé [2/1],3.0,3.4768476847684777,11.076512122814167,0.9839815436675147,0.5531380349186964,0.5712939401338034,-0.016018456332485193,3.141313659672962,0.3355340250955159,9.32642185702548e-10,1.0193745847431046e-08,9,788,1.0,15.0,10000,10000,1.0,OK,success,
1PN,Padé [2/1],2,1,Padé [2/1],4.0,3.4838483848384847,11.076273354807295,0.9839704874336097,0.5531232845495414,0.5712915438502171,-0.016029512566390174,3.141313659672962,0.34253472516552286,6.472196112383699e-10,4.374132833717681e-09,6,473,1.0,15.0,10000,10000,1.0,OK,success,
1PN,Padé [3/1],3,1,Padé [3/1],1.0,1.0,11.846356009397736,1.0173923309027382,0.590222908777328,0.5702156634229506,0.017392330902738243,3.141313659672962,2.141313659672962,1.66759939190797e-11,2.87125878628558e-12,1,15,1.0,15.0,10000,10000,1.0,maximum_at_lower_boundary,success,
1PN,Padé [3/1],3,1,Padé [3/1],2.0,1.0,11.868223568296855,1.018242286218495,0.5907355456249104,0.5697585439354051,0.01824228621849503,3.141313659672962,2.141313659672962,6.753042569584977e-12,1.1053380433168059e-12,1,15,1.0,15.0,10000,10000,1.0,maximum_at_lower_boundary,success,
1PN,Padé [3/1],3,1,Padé [3/1],3.0,1.0,11.89043842564299,1.019081165050458,0.591100143869505,0.5691719843995485,0.019081165050458145,3.141313659672962,2.141313659672962,2.6576518763476997e-12,3.5482727867020003e-13,1,15,1.0,15.0,10000,10000,1.0,maximum_at_lower_boundary,success,
1PN,Padé [3/1],3,1,Padé [3/1],4.0,1.0,11.912583015337948,1.019912325713956,0.5914340390284664,0.5685656726071063,0.01991232571395605,3.141313659672962,2.141313659672962,9.556799795973347e-13,5.617728504603292e-14,1,15,1.0,15.0,10000,10000,1.0,maximum_at_lower_boundary,success,
1PN,Padé [2/2],2,2,Padé [2/2],1.0,2.904190419041905,11.121523129313534,0.9836892015914697,0.5408220700203837,0.5589057764262275,-0.016310798408530204,3.141313659672962,0.23712324063105683,7.696754344976853e-11,3.956168725949283e-12,8,356,1.0,15.0,10000,10000,1.0,OK,success,
1PN,Padé [2/2],2,2,Padé [2/2],2.0,2.8845884588458848,11.123199128479138,0.9836871476514134,0.5404128630082434,0.5584852188069348,-0.01631285234858649,3.141313659672962,0.25672520082707706,3.480660204502328e-11,2.290390099801698e-12,8,370,1.0,15.0,10000,10000,1.0,OK,success,
1PN,Padé [2/2],2,2,Padé [2/2],3.0,2.876187618761877,11.124153052246493,0.9837116735406358,0.5403454183138312,0.5583876741707192,-0.016288326459364073,3.141313659672962,0.2651260409110847,1.5673018438633335e-11,5.879741138414829e-13,6,14,1.0,15.0,10000,10000,1.0,OK,success,
1PN,Padé [2/2],2,2,Padé [2/2],4.0,2.8607860786078607,11.12547549795783,0.9837178990619487,0.5400727505815803,0.5580988380060862,-0.01628210093805115,3.141313659672962,0.2805275810651011,6.9888539400153604e-12,1.1102230246251565e-13,6,14,1.0,15.0,10000,10000,1.0,OK,success,
1PN,Padé [3/2],3,2,Padé [3/2],1.0,1.0,11.847192426281289,1.017392330900999,0.5900310801919844,0.5700303374024283,0.01739233090099901,3.141313659672962,2.141313659672962,1.66759939190797e-11,3.0386804183990535e-12,1,185,1.0,15.0,10000,10000,1.0,maximum_at_lower_boundary,success,
1PN,Padé [3/2],3,2,Padé [3/2],2.0,1.0,11.879265919988873,1.0182422862166707,0.5881925427530117,0.5673058430220329,0.018242286216670803,3.141313659672962,2.141313659672962,6.753042569584977e-12,6.157963028385893e-12,1,195,1.0,15.0,10000,10000,1.0,maximum_at_lower_boundary,success,
1PN,Padé [3/2],3,2,Padé [3/2],3.0,1.0,11.89039625857422,1.0190811650485498,0.5911098385040868,0.5691813193924767,0.01908116504855003,3.141313659672962,2.141313659672962,2.6576518763476997e-12,3.668176873361517e-13,1,14,1.0,15.0,10000,10000,1.0,maximum_at_lower_boundary,success,
1PN,Padé [3/2],3,2,Padé [3/2],4.0,1.0,11.912545012665799,1.0199123257119647,0.5914427900134582,0.5685740852290602,0.019912325711964815,3.141313659672962,2.141313659672962,9.556799795973347e-13,6.972200594645983e-14,1,15,1.0,15.0,10000,10000,1.0,maximum_at_lower_boundary,success,
1PN,Padé [4/2],4,2,Padé [4/2],1.0,1.0,12.995923375823622,1.062629109612502,0.6268817715571674,0.5551651860671383,0.06262910961250222,3.141313659672962,2.141313659672962,0.0,6.468159341466162e-13,1,18,1.0,15.0,10000,10000,1.0,maximum_at_lower_boundary,success,
1PN,Padé [4/2],4,2,Padé [4/2],2.0,1.0,12.944155594853944,1.0626291096123772,0.6390531627068965,0.5659441446188186,0.06262910961237733,3.141313659672962,2.141313659672962,0.0,8.186784583585904e-13,1,15,1.0,15.0,10000,10000,1.0,maximum_at_lower_boundary,success,
1PN,Padé [4/2],4,2,Padé [4/2],3.0,1.0,13.006260413584727,1.0626291096124518,0.6244099396023379,0.5529761368566498,0.06262910961245186,3.141313659672962,2.141313659672962,0.0,3.7969627442180354e-14,1,15,1.0,15.0,10000,10000,1.0,maximum_at_lower_boundary,success,
1PN,Padé [4/2],4,2,Padé [4/2],4.0,1.0,13.006558441510029,1.0626291096126033,0.6243384645891741,0.5529128387342901,0.06262910961260339,3.141313659672962,2.141313659672962,0.0,3.3306690738754696e-15,1,17,1.0,15.0,10000,10000,1.0,maximum_at_lower_boundary,success,
2PN,Padé [1/1],1,1,Padé [1/1],1.0,1.84008400840084,11.355231661197879,0.9777163411678739,0.4348201802932301,0.4548664905059184,-0.022283658832126036,3.141313659672962,1.3012296512721218,7.138803224115975e-07,0.0038427134245773154,7,163,1.0,15.0,10000,10000,1.0,OK,success,
2PN,Padé [1/1],1,1,Padé [1/1],2.0,1.8554855485548565,11.33563822058528,0.9776400528055595,0.4402613656568811,0.46063040877619715,-0.022359947194440337,3.141313659672962,1.2858281111181054,2.493821791293982e-07,0.0016004674007499275,1,160,1.0,15.0,10000,10000,1.0,OK,success,
2PN,Padé [1/1],1,1,Padé [1/1],3.0,1.870887088708871,11.316739231577785,0.9775891432586743,0.44560729668703736,0.466272233546693,-0.022410856741325615,3.141313659672962,1.2704265709640907,8.497797421291864e-08,0.00065874664271659,8,185,1.0,15.0,10000,10000,1.0,OK,success,
2PN,Padé [1/1],1,1,Padé [1/1],4.0,1.8862886288628875,11.299882240797022,0.977573413940244,0.4505379413281967,0.47144670665503124,-0.022426586059755928,3.141313659672962,1.2550250308100743,2.8885486003105143e-08,0.0002718177174803049,1,214,1.0,15.0,10000,10000,1.0,OK,success,
2PN,Padé [2/1],2,1,Padé [2/1],1.0,4.125112511251125,10.924136633671704,0.9856382342966412,0.5960396201797515,0.6135359924000919,-0.014361765703358686,3.141313659672962,0.9837988515781628,1.7966137466629561e-09,1.608771915684315e-08,11,12,1.0,15.0,10000,10000,1.0,OK,success,
2PN,Padé [2/1],2,1,Padé [2/1],2.0,4.132113211321132,10.92338550397216,0.9856685261836609,0.5963675564256439,0.6138358240651339,-0.014331473816338985,3.141313659672962,0.9907995516481698,1.100521673791377e-09,6.773948069138669e-09,10,11,1.0,15.0,10000,10000,1.0,OK,success,
2PN,Padé [2/1],2,1,Padé [2/1],3.0,4.140514051405141,10.922636893222249,0.9856998182673063,0.5967004992377287,0.6141395242668594,-0.01430018173269356,3.141313659672962,0.9992003917321792,6.683429365494931e-10,2.84614198875488e-09,9,11,1.0,15.0,10000,10000,1.0,OK,success,
2PN,Padé [2/1],2,1,Padé [2/1],4.0,4.157315731573158,10.921137508769919,0.9857151618430056,0.5970950895050348,0.6145265149310108,-0.014284838156994332,3.141313659672962,1.0160020719001963,5.002223080197155e-10,1.1922993703450402e-09,6,11,1.0,15.0,10000,10000,1.0,OK,success,
2PN,Padé [3/1],3,1,Padé [3/1],1.0,3.899689968996899,10.935856775315301,0.9864429780981877,0.598265997263146,0.6148233442195228,-0.013557021901812157,3.141313659672962,0.7583763093239373,1.2276402117095131e-11,5.840061767514726e-10,1,1583,1.0,15.0,10000,10000,1.0,OK,success,
2PN,Padé [3/1],3,1,Padé [3/1],2.0,3.8954895489548953,10.936068215103813,0.9864625834775537,0.598335355647468,0.614870181021392,-0.013537416522446229,3.141313659672962,0.7541758892819335,4.912292794756468e-12,2.4869795112181237e-10,1,17,1.0,15.0,10000,10000,1.0,OK,success,
2PN,Padé [3/1],3,1,Padé [3/1],3.0,3.892689268926892,10.936196801193343,0.9864829555774631,0.5984260210561139,0.6149379526887013,-0.013517044422536744,3.141313659672962,0.7513756092539303,1.9164669851079452e-12,1.0122724880545775e-10,1,17,1.0,15.0,10000,10000,1.0,OK,success,
2PN,Padé [3/1],3,1,Padé [3/1],4.0,3.889888988898891,10.936288268741027,0.9865022304248136,0.5985179557565801,0.6150083905972186,-0.013497769575186372,3.141313659672962,0.748575329225929,6.750155989720952e-13,4.0558445491001294e-11,1,17,1.0,15.0,10000,10000,1.0,OK,success,
2PN,Padé [2/2],2,2,Padé [2/2],1.0,3.906690669066906,10.940069040272084,0.9858648106938008,0.5940722160890936,0.61122978770902,-0.014135189306199074,3.141313659672962,0.7653770093939443,5.604205988163358e-11,1.6087741805392852e-08,14,19,1.0,15.0,10000,10000,1.0,OK,success,
2PN,Padé [2/2],2,2,Padé [2/2],2.0,3.9122912291229124,10.93945513711652,0.9859015160332688,0.5944107362884201,0.6115325472712927,-0.01409848396673107,3.141313659672962,0.7709775694499506,2.528310893978869e-11,6.773958727279705e-09,8,21,1.0,15.0,10000,10000,1.0,OK,success,
2PN,Padé [2/2],2,2,Padé [2/2],3.0,3.9178917891789187,10.93885224200788,0.9859361497392521,0.5947348089388095,0.6118229685527122,-0.014063850260747749,3.141313659672962,0.7765781295059568,1.1333822769188373e-11,2.846147539870003e-09,6,18,1.0,15.0,10000,10000,1.0,OK,success,
2PN,Padé [2/2],2,2,Padé [2/2],4.0,3.923492349234923,10.938291080551478,0.9859706844687236,0.5950495227639446,0.6121038433612657,-0.01402931553127625,3.141313659672962,0.7821786895619613,5.018652160515558e-12,1.1923253495638164e-09,6,17,1.0,15.0,10000,10000,1.0,OK,success,
2PN,Padé [3/2],3,2,Padé [3/2],1.0,3.899689968996899,10.935902025801612,0.9864429780985354,0.59825675898956,0.6148138502711014,-0.013557021901464515,3.141313659672962,0.7583763093239373,1.2276402117095131e-11,5.973057604080623e-10,1,1209,1.0,15.0,10000,10000,1.0,OK,success,
2PN,Padé [3/2],3,2,Padé [3/2],2.0,3.892689268926892,10.936250639826264,0.9864586248188519,0.5982753937329832,0.6148134965403751,-0.013541375181147898,3.141313659672962,0.7513756092539303,4.912292794756468e-12,2.7206237263044386e-10,1,649,1.0,15.0,10000,10000,1.0,OK,success,
2PN,Padé [3/2],3,2,Padé [3/2],3.0,3.8814881488148814,10.936799757496377,0.986467364006805,0.5982134394366292,0.6147389374629462,-0.013532635993194887,3.141313659672962,0.7401744891419195,1.9164669851079452e-12,1.3745626858963078e-10,1,419,1.0,15.0,10000,10000,1.0,OK,success,
2PN,Padé [3/2],3,2,Padé [3/2],4.0,3.8044804480448047,10.941195635647919,0.9863858482205977,0.5968456947951405,0.6134347862184427,-0.013614151779402155,3.141313659672962,0.6631667883718428,6.750155989720952e-13,2.3528445858289615e-10,1,56,1.0,15.0,10000,10000,1.0,OK,success,
2PN,Padé [4/2],4,2,Padé [4/2],1.0,3.765276527652766,10.94035634075371,0.9867915630928947,0.59934788747204,0.6155000939123706,-0.01320843690710515,3.141313659672962,0.6239628679798042,0.0,4.434230760352875e-13,1,14,1.0,15.0,10000,10000,1.0,OK,success,
2PN,Padé [4/2],4,2,Padé [4/2],2.0,3.8198819881988193,10.938272137784102,0.9868361037562446,0.6000274964502069,0.6161423953942491,-0.013163896243755245,3.141313659672962,0.6785683285258575,0.0,8.837375276016246e-14,1,16,1.0,15.0,10000,10000,1.0,OK,success,
2PN,Padé [4/2],4,2,Padé [4/2],3.0,3.7988798879887984,10.939041757646864,0.9868166213671897,0.5997592741892362,0.6158912874551157,-0.013183378632810142,3.141313659672962,0.6575662283158366,0.0,0.0,1,15,1.0,15.0,10000,10000,1.0,OK,success,
2PN,Padé [4/2],4,2,Padé [4/2],4.0,3.8660866086608667,10.93634487930852,0.9868745552645853,0.6006393621156568,0.6167226324649911,-0.013125444735414509,3.141313659672962,0.7247729489879049,0.0,1.1968204205459188e-13,1,19,1.0,15.0,10000,10000,1.0,OK,success,
