method,q,PN_order,chi_eff_bin,chi_eff_mean,median_abs_delta_a,mean_abs_delta_a,p25_abs_delta_a,p75_abs_delta_a,n
Padé,0.25,0PN,"(-0.801, -0.667]",-0.7234449760765552,6.281056402594006,6.283610964085136,6.2778848537378025,6.289755550213203,11
Padé,0.25,0PN,"(-0.667, -0.533]",-0.6015037593984963,6.295101123891689,6.281026750310638,6.286786365820692,6.302259064019294,28
Padé,0.25,0PN,"(-0.533, -0.4]",-0.4715789473684212,6.15143224913105,5.718322438762144,5.106445203951594,6.314333390293256,40
Padé,0.25,0PN,"(-0.4, -0.267]",-0.33684210526315794,4.167365986884457,4.272493158396573,3.4055249060421615,5.086542251607409,40
Padé,0.25,0PN,"(-0.267, -0.133]",-0.2021052631578948,2.7525294455633507,2.82343296683191,2.2128360403070078,3.397146908393425,40
Padé,0.25,0PN,"(-0.133, 0.0]",-0.0673684210526316,1.759859112969174,1.8091225785862342,1.380786829282198,2.216769959333758,40
Padé,0.25,0PN,"(0.0, 0.133]",0.06736842105263154,1.0590473869893051,1.0896047486749008,0.7763304828889402,1.384319455722804,40
Padé,0.25,0PN,"(0.133, 0.267]",0.20210526315789465,0.5461659700819805,0.5677587379267959,0.33018799429115153,0.7884928491637453,40
Padé,0.25,0PN,"(0.267, 0.4]",0.33684210526315783,0.18016760317797487,0.21750774289586214,0.0839969515647017,0.347225198539102,40
Padé,0.25,0PN,"(0.4, 0.533]",0.471578947368421,0.17501882479278258,0.17749519785653456,0.0684018404212111,0.28614644139791773,40
Padé,0.25,0PN,"(0.533, 0.667]",0.6015037593984963,0.327171937877772,0.3137684726109458,0.24048149119315784,0.4202220991339918,28
Padé,0.25,0PN,"(0.667, 0.8]",0.7234449760765552,0.4717614154190359,0.457054499593198,0.41012484977729113,0.4936661589118607,11
Padé,0.25,1PN,"(-0.801, -0.667]",-0.7234449760765552,6.277070930637247,6.099810765883498,5.880110618949511,6.278882497364164,11
Padé,0.25,1PN,"(-0.667, -0.533]",-0.6015037593984963,5.091069089551295,5.00324182896136,4.263737347116935,6.054121289247704,28
Padé,0.25,1PN,"(-0.533, -0.4]",-0.4715789473684212,3.418737168852802,3.5722078273009976,2.5961941788490837,4.469533904723649,40
Padé,0.25,1PN,"(-0.4, -0.267]",-0.33684210526315794,1.9431435646422335,2.045010410121745,1.4535297065222093,2.5850921065929073,40
Padé,0.25,1PN,"(-0.267, -0.133]",-0.2021052631578948,1.0663608287016637,1.1240230258378108,0.7650912658295596,1.4535525489574814,40
Padé,0.25,1PN,"(-0.133, 0.0]",-0.06736842105263162,0.5357367007279497,0.5709187582041958,0.3532840790071701,0.7762259049283174,40
Padé,0.25,1PN,"(0.0, 0.133]",0.06736842105263154,0.21416289854045975,0.2333841946625009,0.09146199604025478,0.3628173055077821,40
Padé,0.25,1PN,"(0.133, 0.267]",0.20210526315789465,0.0779591260760488,0.08807200673305084,0.03887439430262855,0.1306462148771411,40
Padé,0.25,1PN,"(0.267, 0.4]",0.33684210526315783,0.11955182680861305,0.11749599230943028,0.05321484546529837,0.18257247443733143,40
Padé,0.25,1PN,"(0.4, 0.533]",0.471578947368421,0.21117317813159442,0.21362592401993305,0.16796940588326584,0.2702236611085276,40
Padé,0.25,1PN,"(0.533, 0.667]",0.6015037593984963,0.2723573356538065,0.27317055697982684,0.2383926693819664,0.2905670186001616,28
Padé,0.25,1PN,"(0.667, 0.8]",0.7234449760765552,0.31918570608793506,0.3202641782553153,0.31144721813860266,0.3280026662046477,11
Padé,0.25,2PN,"(-0.801, -0.667]",-0.7234449760765552,6.054249931967531,5.8002171701602885,5.212443852272845,6.244272445404855,11
Padé,0.25,2PN,"(-0.667, -0.533]",-0.6015037593984963,4.661826165258866,4.640605565334998,4.038914864868711,5.444460323151094,28
Padé,0.25,2PN,"(-0.533, -0.4]",-0.4715789473684211,3.447940089144831,3.5805286593842056,2.888223381769375,4.229709922325408,40
Padé,0.25,2PN,"(-0.4, -0.267]",-0.33684210526315794,2.3779870489906676,2.4491908281635495,2.060190372588816,2.822315828965145,40
Padé,0.25,2PN,"(-0.267, -0.133]",-0.2021052631578948,1.661220314650259,1.6968203055657836,1.459760732776254,1.9251997136739534,40
Padé,0.25,2PN,"(-0.133, 0.0]",-0.06736842105263162,1.138009895039961,1.158337500078383,0.9911991004308061,1.3098792702648514,40
Padé,0.25,2PN,"(0.0, 0.133]",0.06736842105263154,0.712321631838988,0.724848273027336,0.5949266293536464,0.8461980958035209,40
Padé,0.25,2PN,"(0.133, 0.267]",0.20210526315789465,0.3403121745210418,0.3452164837013733,0.23691324063855512,0.44407660403452814,40
Padé,0.25,2PN,"(0.267, 0.4]",0.33684210526315783,0.0992869906280058,0.11596020672727678,0.04107740383365708,0.18270152551669983,40
Padé,0.25,2PN,"(0.4, 0.533]",0.471578947368421,0.33977361075905943,0.3403385952870598,0.25277847456534164,0.4261567855985975,40
Padé,0.25,2PN,"(0.533, 0.667]",0.6015037593984963,0.5507425845034337,0.5388931292370526,0.4816169918142097,0.6027073033109,28
Padé,0.25,2PN,"(0.667, 0.8]",0.7234449760765552,0.6752213096482913,0.6756997218096708,0.6612822016369527,0.6896388298210093,11
Padé,0.3,0PN,"(-0.801, -0.667]",-0.7238866396761133,6.331761857947197,6.299931749230102,6.325511173008907,6.342304740289068,12
Padé,0.3,0PN,"(-0.667, -0.533]",-0.5934599813142324,6.0200104597388675,5.771573142385574,5.379068275159885,6.324155962563552,26
Padé,0.3,0PN,"(-0.533, -0.4]",-0.46435116130406984,4.725638081964323,4.787062942402642,3.9802386531115754,5.600579400714821,38
Padé,0.3,0PN,"(-0.4, -0.267]",-0.33360323886639676,3.330559637294866,3.4218338175070024,2.7536306453191544,4.008462784432185,42
Padé,0.3,0PN,"(-0.267, -0.133]",-0.20080971659919028,2.2786566212746457,2.3216750791845566,1.8295999202949682,2.7521120345406334,40
Padé,0.3,0PN,"(-0.133, 0.0]",-0.06801619433198385,1.454166885347014,1.5074627688314821,1.156064500113168,1.8323670205884208,42
Padé,0.3,0PN,"(0.0, 0.133]",0.06801619433198375,0.8900930551283468,0.9192628684558832,0.6448664243116197,1.1508362326422228,42
Padé,0.3,0PN,"(0.133, 0.267]",0.20080971659919017,0.4347189696806337,0.4619087646763731,0.260696098269465,0.6496689187410222,40
Padé,0.3,0PN,"(0.267, 0.4]",0.3336032388663967,0.15205841681532317,0.18945647340961014,0.07889102452987233,0.26787848641692075,42
Padé,0.3,0PN,"(0.4, 0.533]",0.4643511613040698,0.17137262399204856,0.17888453502833193,0.08336514073409013,0.273406327344335,38
Padé,0.3,0PN,"(0.533, 0.667]",0.5934599813142323,0.31477142729987845,0.3022035826073029,0.23927237038905785,0.38685532878653905,26
Padé,0.3,0PN,"(0.667, 0.8]",0.7238866396761133,0.45932402007339235,0.44527445851389974,0.4036414124770647,0.49009775001152156,12
Padé,0.3,1PN,"(-0.801, -0.667]",-0.7238866396761133,4.4385189203569535,4.271395562278074,3.8558619858830525,4.70747115616485,12
Padé,0.3,1PN,"(-0.667, -0.533]",-0.5934599813142324,3.2025287115640495,3.195530922778998,2.7204024085732255,3.740701165211758,26
Padé,0.3,1PN,"(-0.533, -0.4]",-0.46435116130406984,2.2525907772338494,2.3403972231991426,1.7542160508513491,2.884907833558106,38
Padé,0.3,1PN,"(-0.4, -0.267]",-0.33360323886639676,1.3431608974208782,1.424510275629005,1.0108563678914115,1.7682387620299442,42
Padé,0.3,1PN,"(-0.267, -0.133]",-0.20080971659919028,0.7505038059931177,0.7875416658432223,0.5220691672196607,1.0075375770948884,40
Padé,0.3,1PN,"(-0.133, 0.0]",-0.06801619433198385,0.34565603426190505,0.38114061280635575,0.21557045070822772,0.5232361074971121,42
Padé,0.3,1PN,"(0.0, 0.133]",0.06801619433198375,0.10765026593223001,0.1456063988773774,0.050220686716710476,0.2153426832872871,42
Padé,0.3,1PN,"(0.133, 0.267]",0.20080971659919017,0.0809265849798801,0.08590707319110306,0.0362728636808109,0.1186498237290767,40
Padé,0.3,1PN,"(0.267, 0.4]",0.3336032388663967,0.16558541653790934,0.15910666949489832,0.11175947737945896,0.2070443021611054,42
Padé,0.3,1PN,"(0.4, 0.533]",0.4643511613040698,0.2410422140512096,0.2478820930528744,0.1999000724988405,0.2885305303893216,38
Padé,0.3,1PN,"(0.533, 0.667]",0.5934599813142323,0.2819767016526167,0.2863067879247887,0.2607057850565635,0.3127838520876711,26
Padé,0.3,1PN,"(0.667, 0.8]",0.7238866396761133,0.3451086483692576,0.3451086483692576,0.32720562283472726,0.36301167390378786,12
Padé,0.3,2PN,"(-0.801, -0.667]",-0.7238866396761133,4.077282796744592,3.9662983858937686,3.686845084192883,4.2566260716564,12
Padé,0.3,2PN,"(-0.667, -0.533]",-0.5934599813142324,3.240932551948088,3.2513826617990538,2.9290232706594344,3.6082879238876258,26
Padé,0.3,2PN,"(-0.533, -0.4]",-0.46435116130406984,2.6018257007261996,2.660955594825779,2.2922698562318877,3.014920834858236,38
Padé,0.3,2PN,"(-0.4, -0.267]",-0.33360323886639676,1.9183530101073845,1.9762606887655565,1.7117783603598125,2.221684106564397,42
Padé,0.3,2PN,"(-0.267, -0.133]",-0.20080971659919028,1.3819749727094277,1.4195648681634543,1.233090604275208,1.5919960229394734,40
Padé,0.3,2PN,"(-0.133, 0.0]",-0.06801619433198385,0.9579039873985125,0.9818673521469565,0.8260067762178084,1.1121957399384599,42
Padé,0.3,2PN,"(0.0, 0.133]",0.06801619433198375,0.5966865582107201,0.6059743967515698,0.47351866727100067,0.7209698890180629,42
Padé,0.3,2PN,"(0.133, 0.267]",0.20080971659919017,0.25590953293725693,0.25834410518462714,0.15017009666468945,0.35529487924283126,40
Padé,0.3,2PN,"(0.267, 0.4]",0.3336032388663967,0.11167028904209039,0.12966687573657532,0.055677441954299974,0.18364400792756763,42
Padé,0.3,2PN,"(0.4, 0.533]",0.4643511613040698,0.37769917233646333,0.3730735595679471,0.29099405106297577,0.45486300100272153,38
Padé,0.3,2PN,"(0.533, 0.667]",0.5934599813142323,0.5389513517103746,0.5322682261738768,0.48287245553957,0.5853279270471381,26
Padé,0.3,2PN,"(0.667, 0.8]",0.7238866396761133,0.6443385713615566,0.6443385713615566,0.629235825855029,0.6594413168680842,12
Padé,0.35,0PN,"(-0.801, -0.667]",-0.7196881091617934,5.897446077925745,5.823215130305702,5.50737416179295,6.214111555876924,12
Padé,0.35,0PN,"(-0.667, -0.533]",-0.5910331384015595,4.748646579104668,4.754546742443213,4.3371817923910525,5.217755482011791,23
Padé,0.35,0PN,"(-0.533, -0.4]",-0.46180917759865125,3.80990846165672,3.8013576331866683,3.2355746514197765,4.384424607622364,37
Padé,0.35,0PN,"(-0.4, -0.267]",-0.3337231968810916,2.8250793430334324,2.8816450700213756,2.311278167693554,3.3837681349913162,42
Padé,0.35,0PN,"(-0.267, -0.133]",-0.20116959064327486,1.9662574785168936,2.022986086411763,1.6035523734483643,2.3918866111930597,43
Padé,0.35,0PN,"(-0.133, 0.0]",-0.067056530214425,1.253925321699076,1.2767055016440467,0.9581321783969299,1.56490894609152,43
Padé,0.35,0PN,"(0.0, 0.133]",0.0670565302144249,0.7586241023754967,0.7929374482284017,0.5475261331426979,1.0197043009137186,43
Padé,0.35,0PN,"(0.133, 0.267]",0.20116959064327478,0.3463986822882208,0.365420698234867,0.18008279468169675,0.529874930641187,43
Padé,0.35,0PN,"(0.267, 0.4]",0.33372319688109153,0.14887513091802407,0.16947724132910644,0.0762457973459839,0.23382178533308046,42
Padé,0.35,0PN,"(0.4, 0.533]",0.4618091775986512,0.1632695887716004,0.17441487466806735,0.079773769611056,0.2606262529085703,37
Padé,0.35,0PN,"(0.533, 0.667]",0.5910331384015594,0.3132747546646075,0.30565209566405216,0.2489811239045207,0.37388920163187667,23
Padé,0.35,0PN,"(0.667, 0.8]",0.7196881091617934,0.4516269853066206,0.44714866293423366,0.41216376463232496,0.48895912439072114,12
Padé,0.35,1PN,"(-0.801, -0.667]",-0.7196881091617934,3.0531616494829015,3.0200014756068985,2.7648999143682076,3.30042018674001,12
Padé,0.35,1PN,"(-0.667, -0.533]",-0.5910331384015595,2.2195936738141384,2.2301551728514712,1.9329413683486485,2.54668837530112,23
Padé,0.35,1PN,"(-0.533, -0.4]",-0.46180917759865125,1.5882719721017953,1.6041865647284705,1.2393750314577805,1.9617823433959416,37
Padé,0.35,1PN,"(-0.4, -0.267]",-0.3337231968810916,1.0008969247916082,1.054319480319548,0.7275197918559698,1.3261623744152589,42
Padé,0.35,1PN,"(-0.267, -0.133]",-0.20116959064327486,0.5525161043794804,0.5932431121143333,0.38263028123914333,0.7697243949714372,43
Padé,0.35,1PN,"(-0.133, 0.0]",-0.067056530214425,0.2266225914260484,0.2443041997894767,0.105646929872077,0.36158861405831666,43
Padé,0.35,1PN,"(0.0, 0.133]",0.0670565302144249,0.0794704183743242,0.09700096214906559,0.0400664340712817,0.12921525200882805,43
Padé,0.35,1PN,"(0.133, 0.267]",0.20116959064327478,0.1104470022802357,0.111713874760183,0.060857282184975506,0.16515172877064876,43
Padé,0.35,1PN,"(0.267, 0.4]",0.33372319688109153,0.19964717157004913,0.1989967906520333,0.15160345786215695,0.24779188738097985,42
Padé,0.35,1PN,"(0.4, 0.533]",0.4618091775986512,0.2640572481664089,0.26802770537820636,0.2277678266350027,0.305715167099593,37
Padé,0.35,1PN,"(0.533, 0.667]",0.5910331384015594,0.3126496116011235,0.3153466570247066,0.2890443997391929,0.3426320163038352,23
Padé,0.35,1PN,"(0.667, 0.8]",0.7196881091617934,0.3688342190584435,0.3688342190584435,0.3688342190584435,0.3688342190584435,12
Padé,0.35,2PN,"(-0.801, -0.667]",-0.7196881091617934,3.1187682101389673,3.1126774098669916,2.9615195763344047,3.282818426563993,12
Padé,0.35,2PN,"(-0.667, -0.533]",-0.5910331384015595,2.602105072225478,2.5984006930556656,2.4021882930411174,2.788712577721362,23
Padé,0.35,2PN,"(-0.533, -0.4]",-0.46180917759865125,2.1359130166279034,2.1485220793610154,1.9218432782824628,2.369023067468349,37
Padé,0.35,2PN,"(-0.4, -0.267]",-0.3337231968810916,1.6650084100831963,1.6986124810481922,1.4607971094492447,1.8958070686575104,42
Padé,0.35,2PN,"(-0.267, -0.133]",-0.20116959064327486,1.2389257239134088,1.2585933680701615,1.0945355651305873,1.3922922883300415,43
Padé,0.35,2PN,"(-0.133, 0.0]",-0.067056530214425,0.849702729527487,0.8520862955373893,0.7337853626599895,0.9657705419784093,43
Padé,0.35,2PN,"(0.0, 0.133]",0.0670565302144249,0.5046410909808894,0.5199799199174311,0.416751515201091,0.6188078491803612,43
Padé,0.35,2PN,"(0.133, 0.267]",0.20116959064327478,0.1810218677028938,0.19006584192791948,0.09860329646625415,0.26892748339475747,43
Padé,0.35,2PN,"(0.267, 0.4]",0.33372319688109153,0.13954185565461105,0.1582536911514547,0.0628563040808969,0.23591156879795672,42
Padé,0.35,2PN,"(0.4, 0.533]",0.4618091775986512,0.3967305426153835,0.386828156851925,0.3182743724279011,0.46649777864691444,37
Padé,0.35,2PN,"(0.533, 0.667]",0.5910331384015594,0.5525338819396939,0.546741225052938,0.514930404881275,0.5862456254830416,23
Padé,0.35,2PN,"(0.667, 0.8]",0.7196881091617934,0.6544627819147295,0.6544627819147295,0.6544627819147295,0.6544627819147295,12
Padé,0.4,0PN,"(-0.801, -0.667]",-0.7133834586466167,4.834016569684276,4.821929581016178,4.586888952363887,5.0895092758594265,10
Padé,0.4,0PN,"(-0.667, -0.533]",-0.5892121608368749,3.9568823601804137,3.9439496418180626,3.589701412175649,4.303417598571197,23
Padé,0.4,0PN,"(-0.533, -0.4]",-0.45926581158779306,3.1779535307083364,3.173381314117012,2.7407448545052913,3.5839154010585026,34
Padé,0.4,0PN,"(-0.4, -0.267]",-0.33082706766917297,2.4242748017292373,2.4828669207272225,2.01341525505302,2.9054578139583196,44
Padé,0.4,0PN,"(-0.267, -0.133]",-0.19849624060150378,1.6637808896306994,1.7117156625343881,1.3430039923738364,2.0378432158612227,44
Padé,0.4,0PN,"(-0.133, 0.0]",-0.06616541353383464,1.1024762829978159,1.144809742865732,0.8495169225016175,1.3930399508663875,44
Padé,0.4,0PN,"(0.0, 0.133]",0.06616541353383454,0.6645328439848777,0.6793291624403719,0.46469545229299475,0.8929265201288742,44
Padé,0.4,0PN,"(0.133, 0.267]",0.1984962406015037,0.31790053747565444,0.3334185327465791,0.15568399204106376,0.49788332153184545,44
Padé,0.4,0PN,"(0.267, 0.4]",0.3308270676691729,0.13827928857889726,0.15216180966579415,0.07306074680007098,0.2155089958998849,44
Padé,0.4,0PN,"(0.4, 0.533]",0.459265811587793,0.16656504249339196,0.16743349258805454,0.08034573822724818,0.2518872725294508,34
Padé,0.4,0PN,"(0.533, 0.667]",0.5892121608368748,0.3132652763075683,0.3057523083729104,0.25111841330017226,0.36865751112810874,23
Padé,0.4,0PN,"(0.667, 0.8]",0.7133834586466166,0.4469152068151352,0.4432066588360263,0.41283165007441164,0.4799099866381831,10
Padé,0.4,1PN,"(-0.801, -0.667]",-0.7133834586466167,2.2345566236896763,2.230710459103987,2.0648367471433646,2.414041729104751,10
Padé,0.4,1PN,"(-0.667, -0.533]",-0.5892121608368749,1.6444680418516109,1.6450762762206335,1.417084150449476,1.868988597888426,23
Padé,0.4,1PN,"(-0.533, -0.4]",-0.45926581158779306,1.1673524706023257,1.176663995326309,0.9231630963294735,1.4076977792963257,34
Padé,0.4,1PN,"(-0.4, -0.267]",-0.33082706766917297,0.7501073849875628,0.7978075056948097,0.5472686403915544,1.0100682750044236,44
Padé,0.4,1PN,"(-0.267, -0.133]",-0.19849624060150378,0.38085259680141625,0.413240360458726,0.24629432140673976,0.5558950210417404,44
Padé,0.4,1PN,"(-0.133, 0.0]",-0.06616541353383462,0.1407801133808541,0.17420570381606906,0.05378183807368923,0.26032667953925487,44
Padé,0.4,1PN,"(0.0, 0.133]",0.06616541353383454,0.07880343668706025,0.0852240557138127,0.04127576989291785,0.1258023007676464,44
Padé,0.4,1PN,"(0.133, 0.267]",0.1984962406015037,0.13774502708080089,0.13629087145278143,0.08157462426273393,0.18839391329662494,44
Padé,0.4,1PN,"(0.267, 0.4]",0.3308270676691729,0.22548331811918193,0.2313970355243141,0.18338706624182965,0.2725901287468364,44
Padé,0.4,1PN,"(0.4, 0.533]",0.459265811587793,0.2817334859484779,0.29098944779020663,0.2536529876547855,0.32239065854921,34
Padé,0.4,1PN,"(0.533, 0.667]",0.5892121608368748,0.3305220773657034,0.3290838315841292,0.30998532746364177,0.3441042555686263,23
Padé,0.4,1PN,"(0.667, 0.8]",0.7133834586466166,,,,,10
Padé,0.4,2PN,"(-0.801, -0.667]",-0.7133834586466167,2.622195387566064,2.620829471005177,2.522882551723823,2.724672792211062,10
Padé,0.4,2PN,"(-0.667, -0.533]",-0.5892121608368749,2.2434605527644167,2.2237428385290383,2.090973089826245,2.354057873645502,23
Padé,0.4,2PN,"(-0.533, -0.4]",-0.45926581158779306,1.8516881297570569,1.8567790656568715,1.7013502605795816,2.0041935186583606,34
Padé,0.4,2PN,"(-0.4, -0.267]",-0.33082706766917297,1.4843452380591333,1.5059874145947907,1.3446478344897834,1.659550492342156,44
Padé,0.4,2PN,"(-0.267, -0.133]",-0.19849624060150378,1.0886636350138745,1.1079461946785116,0.9828402402714157,1.2342874703255875,44
Padé,0.4,2PN,"(-0.133, 0.0]",-0.06616541353383464,0.7618702690460448,0.772354315504814,0.6582989398997559,0.8739513166577798,44
Padé,0.4,2PN,"(0.0, 0.133]",0.06616541353383454,0.4437765484211269,0.446924103752685,0.3431986942512047,0.5375562462142238,44
Padé,0.4,2PN,"(0.133, 0.267]",0.1984962406015037,0.1353447732938011,0.15729490900887147,0.06885334980276743,0.2251686904484562,44
Padé,0.4,2PN,"(0.267, 0.4]",0.3308270676691729,0.17391696400242052,0.1847133155986473,0.09239691721211257,0.26757609777828323,44
Padé,0.4,2PN,"(0.4, 0.533]",0.459265811587793,0.4217474873486173,0.40751722960064574,0.34653106412677154,0.47945185354508757,34
Padé,0.4,2PN,"(0.533, 0.667]",0.5892121608368748,0.5481707846153645,0.542705193720343,0.5129921569571231,0.5807236796365345,23
Padé,0.4,2PN,"(0.667, 0.8]",0.7133834586466166,,,,,10
Padé,0.45,0PN,"(-0.801, -0.667]",-0.7154668279895141,4.196396540255995,4.209452204403672,4.075665836684026,4.387056967959024,9
Padé,0.45,0PN,"(-0.667, -0.533]",-0.5949356148993173,3.473090372416195,3.435008423131903,3.184718751340973,3.727937815894365,21
Padé,0.45,0PN,"(-0.533, -0.4]",-0.4637738546994446,2.7718878640064912,2.77524967437936,2.428944889233171,3.096265948872036,33
Padé,0.45,0PN,"(-0.4, -0.267]",-0.33209041412308204,2.101666590090984,2.1554888861243633,1.7902836567378266,2.5331118279018936,44
Padé,0.45,0PN,"(-0.267, -0.133]",-0.20036297640653364,1.505617913044441,1.5442155484056754,1.225036273717265,1.8629651887545744,46
Padé,0.45,0PN,"(-0.133, 0.0]",-0.0667876588021779,1.0246643296835176,1.041862272422706,0.7807406983076999,1.2605446905489628,46
Padé,0.45,0PN,"(0.0, 0.133]",0.06678765880217781,0.5620029732542593,0.5894759432727587,0.39868089331402556,0.7796825017373858,46
Padé,0.45,0PN,"(0.133, 0.267]",0.20036297640653353,0.26235638320134264,0.2855105970135958,0.10687959091790408,0.42715612079580595,46
Padé,0.45,0PN,"(0.267, 0.4]",0.332090414123082,0.1294987102659088,0.13782595741610704,0.0715724905409983,0.191655610758051,44
Padé,0.45,0PN,"(0.4, 0.533]",0.4637738546994445,0.176263316006235,0.1732446945520617,0.0860381940554053,0.2514831019932382,33
Padé,0.45,0PN,"(0.533, 0.667]",0.5949356148993173,0.3247785052165475,0.31474880347189327,0.2697745038658992,0.3733434314962851,21
Padé,0.45,0PN,"(0.667, 0.8]",0.715466827989514,0.455922974481068,0.45306261483382265,0.4326661962759228,0.4807541892101268,9
Padé,0.45,1PN,"(-0.801, -0.667]",-0.7154668279895141,1.7761545160535746,1.7821872556865788,1.693827652865644,1.8932075830205315,9
Padé,0.45,1PN,"(-0.667, -0.533]",-0.5949356148993173,1.3176748308620398,1.2969660474657652,1.1421144909149308,1.4629113132441005,21
Padé,0.45,1PN,"(-0.533, -0.4]",-0.4637738546994446,0.91010168538863,0.9204945018924142,0.7399759923434814,1.091265448822031,33
Padé,0.45,1PN,"(-0.4, -0.267]",-0.33209041412308204,0.5663130547374484,0.6013152869462636,0.42574720309246183,0.7813366503841422,44
Padé,0.45,1PN,"(-0.267, -0.133]",-0.20036297640653364,0.2910964608992263,0.3158318404696643,0.17493126321621477,0.44902379461516073,46
Padé,0.45,1PN,"(-0.133, 0.0]",-0.0667876588021779,0.0995327479791474,0.12675408915175262,0.041834342156524526,0.1856371997998882,46
Padé,0.45,1PN,"(0.0, 0.133]",0.06678765880217781,0.08844690105771574,0.09108733186471685,0.04301798224446768,0.1316475180065126,46
Padé,0.45,1PN,"(0.133, 0.267]",0.20036297640653353,0.17248710114709187,0.16656019003924086,0.11829842465873985,0.22074503257287345,46
Padé,0.45,1PN,"(0.267, 0.4]",0.332090414123082,0.2461492416917594,0.2519548551308521,0.21068605690785966,0.2976467570368482,44
Padé,0.45,1PN,"(0.4, 0.533]",0.4637738546994445,0.3041077278741624,0.30960168704778646,0.27704908168421793,0.34090404558758003,33
Padé,0.45,1PN,"(0.533, 0.667]",0.5949356148993173,0.3575556729016416,0.3581748163100301,0.3328351754873448,0.38361564229739664,21
Padé,0.45,1PN,"(0.667, 0.8]",0.715466827989514,,,,,9
Padé,0.45,2PN,"(-0.801, -0.667]",-0.7154668279895141,2.3566602427358294,2.3537999725138175,2.3015033669162093,2.413259588221051,9
Padé,0.45,2PN,"(-0.667, -0.533]",-0.5949356148993173,2.028404029678568,2.008922957442477,1.9113822860691152,2.102169829641966,21
Padé,0.45,2PN,"(-0.533, -0.4]",-0.4637738546994446,1.6858068937645505,1.6865589871288167,1.5747841241667777,1.791439094016302,33
Padé,0.45,2PN,"(-0.4, -0.267]",-0.33209041412308204,1.3547860060546388,1.3609912545430234,1.229792127070856,1.491738217514527,44
Padé,0.45,2PN,"(-0.267, -0.133]",-0.20036297640653364,1.0171689023579327,1.0259028475703744,0.9038563692647765,1.138798181437898,46
Padé,0.45,2PN,"(-0.133, 0.0]",-0.0667876588021779,0.7074114188043221,0.7116031595548974,0.6229240571359225,0.8032955541959241,46
Padé,0.45,2PN,"(0.0, 0.133]",0.06678765880217781,0.3876161069848658,0.38787317430020923,0.2891052168024685,0.47136385575980033,46
Padé,0.45,2PN,"(0.133, 0.267]",0.20036297640653353,0.1050229400816311,0.12980497657319823,0.060286744514473724,0.18915959814902905,46
Padé,0.45,2PN,"(0.267, 0.4]",0.332090414123082,0.2062992841158175,0.21011967585287872,0.11663327538005658,0.2977873619390715,44
Padé,0.45,2PN,"(0.4, 0.533]",0.4637738546994445,0.4356134547052219,0.4276579371172378,0.37509814678625686,0.4824113823819063,33
Padé,0.45,2PN,"(0.533, 0.667]",0.5949356148993173,0.5687767950138527,0.5621952183502339,0.5312550174715431,0.5900362843616025,21
Padé,0.45,2PN,"(0.667, 0.8]",0.715466827989514,,,,,9
Padé,0.5,0PN,"(-0.801, -0.667]",-0.7282651072124756,3.775284102652207,3.811475954436901,3.658415264879308,3.993519544771959,9
Padé,0.5,0PN,"(-0.667, -0.533]",-0.5968253968253968,3.108320396454006,3.075917294064743,2.848741052348128,3.30772465706822,21
Padé,0.5,0PN,"(-0.533, -0.4]",-0.45902992776057794,2.4095180586001366,2.420450029949084,2.1738963925509864,2.710290370657607,34
Padé,0.5,0PN,"(-0.4, -0.267]",-0.33093259464450603,1.9157054234522077,1.9353659263291447,1.6514247227799892,2.2225767250258524,38
Padé,0.5,0PN,"(-0.267, -0.133]",-0.208187134502924,1.393724512651616,1.4350808848965018,1.1707779382201067,1.6862622630548332,48
Padé,0.5,0PN,"(-0.133, 0.0]",-0.07017543859649127,0.9179229258619641,0.9373843809778212,0.7032080294063194,1.133251888380467,50
Padé,0.5,0PN,"(0.0, 0.133]",0.07017543859649118,0.5227502321472013,0.5420900523599762,0.36742484830053723,0.718440360015368,50
Padé,0.5,0PN,"(0.133, 0.267]",0.20818713450292392,0.2151178166359275,0.23448334929474543,0.0939855100722181,0.34706407751217144,48
Padé,0.5,0PN,"(0.267, 0.4]",0.330932594644506,0.1125786764819762,0.11859661706193943,0.05341974436328245,0.1707521345369497,38
Padé,0.5,0PN,"(0.4, 0.533]",0.4590299277605778,0.16469496566027786,0.16676952518356503,0.09593555286280661,0.2432199230629413,34
Padé,0.5,0PN,"(0.533, 0.667]",0.5968253968253967,0.3323777421898715,0.32245572462859284,0.2735031573750688,0.372512681115678,21
Padé,0.5,0PN,"(0.667, 0.8]",0.7282651072124756,0.4638327522763035,0.46813655043728325,0.442276005502606,0.5002731949917325,9
Padé,0.5,1PN,"(-0.801, -0.667]",-0.7282651072124756,1.4814547197139127,1.5034229269119261,1.408590282381058,1.613281520969578,9
Padé,0.5,1PN,"(-0.667, -0.533]",-0.5968253968253968,1.0729168560999711,1.0635255787027305,0.9397501532582192,1.1875126358660997,21
Padé,0.5,1PN,"(-0.533, -0.4]",-0.45902992776057794,0.7029474015344295,0.7108202434410212,0.5841374166533977,0.8523045720777486,34
Padé,0.5,1PN,"(-0.4, -0.267]",-0.33093259464450603,0.4567595288627488,0.47324076644473534,0.34329390969868145,0.6034148088342335,38
Padé,0.5,1PN,"(-0.267, -0.133]",-0.208187134502924,0.22720786098645002,0.25092913638831776,0.13727458788507346,0.35172880970949916,48
Padé,0.5,1PN,"(-0.133, 0.0]",-0.07017543859649127,0.08012800141592685,0.09432310099305838,0.04026261748995383,0.13473679928939664,50
Padé,0.5,1PN,"(0.0, 0.133]",0.07017543859649118,0.10459569162551524,0.10371108988396648,0.05098392997520058,0.15262715689998246,50
Padé,0.5,1PN,"(0.133, 0.267]",0.20818713450292392,0.2001237075164872,0.19621768607078247,0.15678630752633213,0.2410493469473876,48
Padé,0.5,1PN,"(0.267, 0.4]",0.330932594644506,0.27437538376012016,0.27425813258215326,0.23475537994878326,0.31201495059567824,38
Padé,0.5,1PN,"(0.4, 0.533]",0.4590299277605778,0.319194861558572,0.32448624070265775,0.29036539165821984,0.3581433250895044,34
Padé,0.5,1PN,"(0.533, 0.667]",0.5968253968253967,0.3708127940254238,0.37481101276457296,0.35954471728283455,0.38607908950716213,21
Padé,0.5,1PN,"(0.667, 0.8]",0.7282651072124756,,,,,9
Padé,0.5,2PN,"(-0.801, -0.667]",-0.7282651072124756,2.1991264868906306,2.1957588271686186,2.142263649717791,2.261346327450226,9
Padé,0.5,2PN,"(-0.667, -0.533]",-0.5968253968253968,1.858395396142522,1.8640627752795307,1.797670349659004,1.9673501984887405,21
Padé,0.5,2PN,"(-0.533, -0.4]",-0.45902992776057794,1.5395831754844314,1.5407620611522042,1.4424748304823525,1.6396429142200621,34
Padé,0.5,2PN,"(-0.4, -0.267]",-0.33093259464450603,1.2480310940042783,1.2626881322339456,1.1740735375599245,1.3682821653639352,38
Padé,0.5,2PN,"(-0.267, -0.133]",-0.208187134502924,0.9696728036994975,0.9771350903170438,0.8785897601365874,1.0646118701405662,48
Padé,0.5,2PN,"(-0.133, 0.0]",-0.07017543859649127,0.652400924130444,0.6594685893986635,0.5671803767557534,0.7516408968134967,50
Padé,0.5,2PN,"(0.0, 0.133]",0.07017543859649118,0.3460733107045044,0.34743058641338165,0.2625372850699986,0.4299626112080739,50
Padé,0.5,2PN,"(0.133, 0.267]",0.20818713450292392,0.0864654096662873,0.09974540187866814,0.04033272563405295,0.14414128934918552,48
Padé,0.5,2PN,"(0.267, 0.4]",0.330932594644506,0.240000334277004,0.23675964589137904,0.16966521775531793,0.30904503614067913,38
Padé,0.5,2PN,"(0.4, 0.533]",0.4590299277605778,0.4454458493785973,0.43438294465876764,0.385581566904822,0.4947582310893825,34
Padé,0.5,2PN,"(0.533, 0.667]",0.5968253968253967,0.5648321959656177,0.5650300346667629,0.5565372189036707,0.57332501172871,21
Padé,0.5,2PN,"(0.667, 0.8]",0.7282651072124756,,,,,9
Padé,0.55,0PN,"(-0.801, -0.667]",-0.7266553480475382,3.4688958280018904,3.470131981695292,3.34728162638248,3.611327997591065,9
Padé,0.55,0PN,"(-0.667, -0.533]",-0.5958573853989814,2.7788669181482293,2.790929474143034,2.625635232070742,2.984869792918275,20
Padé,0.55,0PN,"(-0.533, -0.4]",-0.4636836628511967,2.204215593542799,2.2095460510675107,1.9853435526507486,2.413723220630331,31
Padé,0.55,0PN,"(-0.4, -0.267]",-0.3303096450804431,1.7263149626658327,1.7353134393744096,1.50721256487195,1.9780018591922923,42
Padé,0.55,0PN,"(-0.267, -0.133]",-0.19966044142614606,1.2656194310244806,1.2892644403794802,1.0534711148033042,1.510636594763442,49
Padé,0.55,0PN,"(-0.133, 0.0]",-0.06655348047538205,0.8429683347442429,0.8622425694358056,0.6673186839479235,1.0457013545504528,49
Padé,0.55,0PN,"(0.0, 0.133]",0.06655348047538194,0.4873339849182225,0.5003027006332059,0.3395114176816181,0.6515707725331819,49
Padé,0.55,0PN,"(0.133, 0.267]",0.19966044142614595,0.2051264442481954,0.2262795064348784,0.09381987093083,0.337079241652058,49
Padé,0.55,0PN,"(0.267, 0.4]",0.33030964508044297,0.10364821608521499,0.107510520386671,0.04862313548338557,0.1587178699587259,42
Padé,0.55,0PN,"(0.4, 0.533]",0.4636836628511966,0.1761078304272567,0.16978469209985467,0.10130473822915605,0.2376696751104945,31
Padé,0.55,0PN,"(0.533, 0.667]",0.5958573853989813,0.32157280794601334,0.3239306282794856,0.286936522226912,0.3718050832521191,20
Padé,0.55,0PN,"(0.667, 0.8]",0.7266553480475382,0.4741712687119608,0.4706502712395932,0.4450661319039879,0.4987515634287072,9
Padé,0.55,1PN,"(-0.801, -0.667]",-0.7266553480475382,1.275076446063696,1.2748902352984304,1.202267124932335,1.3543022950208083,9
Padé,0.55,1PN,"(-0.667, -0.533]",-0.5958573853989814,0.8772684787959208,0.8873791191075304,0.7998526538129169,0.9938706930082839,20
Padé,0.55,1PN,"(-0.533, -0.4]",-0.4636836628511967,0.5792530972931735,0.5880935832400831,0.4779928175772412,0.6811499633045983,31
Padé,0.55,1PN,"(-0.4, -0.267]",-0.3303096450804431,0.3553778689564622,0.3659955552050401,0.26435759544550586,0.47145120412678526,42
Padé,0.55,1PN,"(-0.267, -0.133]",-0.19966044142614606,0.1607089399753758,0.1800268314990974,0.0798997536872949,0.2633118622901946,49
Padé,0.55,1PN,"(-0.133, 0.0]",-0.06655348047538205,0.0690130481526871,0.0789617500140287,0.0354652481308965,0.1068978113349157,49
Padé,0.55,1PN,"(0.0, 0.133]",0.06655348047538194,0.1199267411543849,0.11898233575841333,0.0629006746115328,0.1685393873988898,49
Padé,0.55,1PN,"(0.133, 0.267]",0.19966044142614595,0.2093149998962191,0.20889562974963913,0.1685713234044477,0.2520769551261277,49
Padé,0.55,1PN,"(0.267, 0.4]",0.33030964508044297,0.27933719597413353,0.28188304846242873,0.2462909353780281,0.31711253989052657,42
Padé,0.55,1PN,"(0.4, 0.533]",0.4636836628511966,0.33817773544156715,0.3400017377739289,0.3040895685293132,0.36419927212072273,31
Padé,0.55,1PN,"(0.533, 0.667]",0.5958573853989813,0.40350916251461144,0.40350916251461144,0.39317698036754123,0.4138413446616816,20
Padé,0.55,1PN,"(0.667, 0.8]",0.7266553480475382,,,,,9
Padé,0.55,2PN,"(-0.801, -0.667]",-0.7266553480475382,2.050376952329604,2.0619911676138845,1.9911044211097604,2.1103779025815648,9
Padé,0.55,2PN,"(-0.667, -0.533]",-0.5958573853989814,1.754410066663969,1.7535857397695966,1.6690402435468517,1.8180338413485542,20
Padé,0.55,2PN,"(-0.533, -0.4]",-0.4636836628511967,1.4711690596982052,1.4597420384081805,1.3864982475697882,1.5320920441061237,31
Padé,0.55,2PN,"(-0.4, -0.267]",-0.3303096450804431,1.1760021235104867,1.1797912204858538,1.0964007304849974,1.2599137963644589,42
Padé,0.55,2PN,"(-0.267, -0.133]",-0.19966044142614606,0.9007829473761162,0.90483416061681,0.8119729610080269,0.9977507271345942,49
Padé,0.55,2PN,"(-0.133, 0.0]",-0.06655348047538205,0.6137262584810066,0.6141687824652717,0.5281969980054715,0.69733048213602,49
Padé,0.55,2PN,"(0.0, 0.133]",0.06655348047538194,0.3246861497351965,0.32108477884102654,0.2323006966095109,0.399894433539004,49
Padé,0.55,2PN,"(0.133, 0.267]",0.19966044142614595,0.0919361866892378,0.09895837837851243,0.0405787669593933,0.1429271062336461,49
Padé,0.55,2PN,"(0.267, 0.4]",0.33030964508044297,0.24580128630650128,0.24563180429039239,0.173486993913134,0.31771774784548024,42
Padé,0.55,2PN,"(0.4, 0.533]",0.4636836628511966,0.4627615396810518,0.4505127888790394,0.4070811570708624,0.5056488800134137,31
Padé,0.55,2PN,"(0.533, 0.667]",0.5958573853989813,0.583927204318792,0.583927204318792,0.573795042173722,0.5940593664638619,20
Padé,0.55,2PN,"(0.667, 0.8]",0.7266553480475382,,,,,9
Padé,0.6,0PN,"(-0.801, -0.667]",-0.7251461988304093,3.197001247207929,3.217059209520457,3.0722234970551496,3.333497198998563,9
Padé,0.6,0PN,"(-0.667, -0.533]",-0.5931578947368421,2.592576870331543,2.5624009217756787,2.384799494957916,2.7314100280590288,20
Padé,0.6,0PN,"(-0.533, -0.4]",-0.46105263157894744,2.046076359211524,2.0456687413538126,1.8686187879824163,2.2129220047668134,30
Padé,0.6,0PN,"(-0.4, -0.267]",-0.3307894736842106,1.5748243817758487,1.581812030559666,1.4053710102578731,1.7671539090042734,40
Padé,0.6,0PN,"(-0.267, -0.133]",-0.19896800825593397,1.1850459913011502,1.2001745618279802,0.9931277514483707,1.39456968491872,51
Padé,0.6,0PN,"(-0.133, 0.0]",-0.06315789473684215,0.7766166001440931,0.7892210800988665,0.6132116574117782,0.9482661803960705,52
Padé,0.6,0PN,"(0.0, 0.133]",0.0684210526315789,0.4526272483770297,0.4656497845133116,0.3183103182054125,0.602338087204432,48
Padé,0.6,0PN,"(0.133, 0.267]",0.19896800825593391,0.1876148535369641,0.20411458602107926,0.07974089838569326,0.3046571261177171,51
Padé,0.6,0PN,"(0.267, 0.4]",0.33247753530166874,0.0840171334009571,0.09353154872108446,0.0442623628522627,0.1340265599047101,41
Padé,0.6,0PN,"(0.4, 0.533]",0.463157894736842,0.1833905024295559,0.17508414505311826,0.1246483861168608,0.2365129163028263,29
Padé,0.6,0PN,"(0.533, 0.667]",0.593157894736842,0.3289038529966699,0.31957982935547113,0.2742554761021321,0.3640810377703587,20
Padé,0.6,0PN,"(0.667, 0.8]",0.7251461988304093,0.469381230916825,0.4721672050749743,0.4422997856153245,0.4965605101202861,9
Padé,0.6,1PN,"(-0.801, -0.667]",-0.7251461988304093,1.092790826165825,1.1117820151343514,1.0208183565410978,1.1756814174204049,9
Padé,0.6,1PN,"(-0.667, -0.533]",-0.5931578947368421,0.7639517496712691,0.753179999683469,0.6604270577141917,0.8338202690831312,20
Padé,0.6,1PN,"(-0.533, -0.4]",-0.46105263157894744,0.4931210636819712,0.49578041918826266,0.41247317342095996,0.5717578883551723,30
Padé,0.6,1PN,"(-0.4, -0.267]",-0.3307894736842106,0.2822951288505564,0.28728257761437137,0.2078270945723869,0.36241343495686884,40
Padé,0.6,1PN,"(-0.267, -0.133]",-0.19896800825593397,0.1217396606680862,0.13641935141388867,0.0526110485474444,0.2044506730175295,51
Padé,0.6,1PN,"(-0.133, 0.0]",-0.06315789473684215,0.0710409098857698,0.07295464179902805,0.031235023429739227,0.10607197160130488,52
Padé,0.6,1PN,"(0.0, 0.133]",0.0684210526315789,0.14183219756756446,0.1359419319112306,0.09053119972426067,0.18477689661046584,48
Padé,0.6,1PN,"(0.133, 0.267]",0.19896800825593391,0.2228261905674462,0.22323376405521253,0.18699203879877463,0.2609577304891628,51
Padé,0.6,1PN,"(0.267, 0.4]",0.33247753530166874,0.2848217495377669,0.2897255776976657,0.2582735609541302,0.3168404157291897,41
Padé,0.6,1PN,"(0.4, 0.533]",0.463157894736842,0.3545833984084745,0.3547697933122358,0.325733869370207,0.3785095612846532,29
Padé,0.6,1PN,"(0.533, 0.667]",0.593157894736842,0.3749290942321459,0.3749290942321459,0.3749290942321459,0.3749290942321459,20
Padé,0.6,1PN,"(0.667, 0.8]",0.7251461988304093,,,,,9
Padé,0.6,2PN,"(-0.801, -0.667]",-0.7251461988304093,1.9376753146146704,1.9665341570152062,1.8761038850939529,2.0085647057492384,9
Padé,0.6,2PN,"(-0.667, -0.533]",-0.5931578947368421,1.675917769561107,1.6672314048239834,1.6079408445868375,1.7377402039410537,20
Padé,0.6,2PN,"(-0.533, -0.4]",-0.4610526315789473,1.38494035499085,1.3925367614891593,1.313488822375867,1.4597089983247362,30
Padé,0.6,2PN,"(-0.4, -0.267]",-0.3307894736842106,1.1269727019696805,1.1193257819348035,1.05294588295195,1.1882143269978536,40
Padé,0.6,2PN,"(-0.267, -0.133]",-0.19896800825593397,0.8557234976900991,0.8629957459071725,0.7898332800808263,0.943818395616792,51
Padé,0.6,2PN,"(-0.133, 0.0]",-0.06315789473684215,0.5685544995675811,0.5722916948526497,0.5006048405566873,0.6467040862934812,52
Padé,0.6,2PN,"(0.0, 0.133]",0.0684210526315789,0.29350544463575695,0.2932658794561392,0.23469767708393385,0.36067900388714347,48
Padé,0.6,2PN,"(0.133, 0.267]",0.19896800825593391,0.0774655117260354,0.09124009031802267,0.0412438636422323,0.13019929400682811,51
Padé,0.6,2PN,"(0.267, 0.4]",0.33247753530166874,0.2666669038518789,0.25828828762719525,0.2061678379536129,0.3308432352229125,41
Padé,0.6,2PN,"(0.4, 0.533]",0.463157894736842,0.4638823095092004,0.4643045563123453,0.426813020348133,0.5041983599046236,29
Padé,0.6,2PN,"(0.533, 0.667]",0.593157894736842,0.5429458959123141,0.5429458959123141,0.5429458959123141,0.5429458959123141,20
Padé,0.6,2PN,"(0.667, 0.8]",0.7251461988304093,,,,,9
Taylor,0.25,0PN,"(-0.801, -0.667]",-0.7234449760765552,6.281056402594006,6.283610964085136,6.2778848537378025,6.289755550213203,11
Taylor,0.25,0PN,"(-0.667, -0.533]",-0.6015037593984963,6.293060443727631,6.201447363800559,6.286466899310193,6.301729001886288,28
Taylor,0.25,0PN,"(-0.533, -0.4]",-0.4715789473684212,5.6413594310790245,5.262636870205288,4.191553714802679,6.310386978778108,40
Taylor,0.25,0PN,"(-0.4, -0.267]",-0.33684210526315794,3.1952687771634842,3.43976988606934,2.5848428378353403,4.164450042386487,40
Taylor,0.25,0PN,"(-0.267, -0.133]",-0.2021052631578948,2.163670559674761,2.2445550790431312,1.857200476750652,2.5832655202546113,40
Taylor,0.25,0PN,"(-0.133, 0.0]",-0.06736842105263162,1.6306461916770447,1.6667883451628918,1.4517939299922684,1.8683351158494093,40
Taylor,0.25,0PN,"(0.0, 0.133]",0.06736842105263154,1.3142729095415602,1.3321089990999433,1.1923720870493564,1.4613271564928805,40
Taylor,0.25,0PN,"(0.133, 0.267]",0.20210526315789465,1.1108258584073378,1.1223341954725505,1.0250006816107542,1.2093349333721661,40
Taylor,0.25,0PN,"(0.267, 0.4]",0.33684210526315783,0.9789580241764857,0.9868749950208395,0.9187792026762396,1.0452950055198007,40
Taylor,0.25,0PN,"(0.4, 0.533]",0.471578947368421,0.8970797680868048,0.9010255411265817,0.8585434870629671,0.9329406851258346,40
Taylor,0.25,0PN,"(0.533, 0.667]",0.6015037593984963,0.8622893176894455,0.8650922706062332,0.8453965180562485,0.880222987874089,28
Taylor,0.25,0PN,"(0.667, 0.8]",0.7234449760765552,0.8427026688419783,0.8401661315608265,0.8342015385698982,0.8457028675505385,11
Taylor,0.25,1PN,"(-0.801, -0.667]",-0.7234449760765552,6.276284070029298,5.703189285553646,4.840006608548471,6.278882497364164,11
Taylor,0.25,1PN,"(-0.667, -0.533]",-0.6015037593984963,3.828542836926033,3.990397687404348,3.075018475229747,5.094425319650744,28
Taylor,0.25,1PN,"(-0.533, -0.4]",-0.4715789473684211,2.505045799715888,2.725803186836951,2.0415387133025296,3.2438113324664224,40
Taylor,0.25,1PN,"(-0.4, -0.267]",-0.33684210526315794,1.7087201222979984,1.7692228313638694,1.4673310866602232,2.0412377211543644,40
Taylor,0.25,1PN,"(-0.267, -0.133]",-0.2021052631578948,1.2759817907978732,1.3022808516203892,1.1199267493779144,1.4741546091635025,40
Taylor,0.25,1PN,"(-0.133, 0.0]",-0.0673684210526316,1.0035709955472474,1.020283694697845,0.9035089335346854,1.1350617885166763,40
Taylor,0.25,1PN,"(0.0, 0.133]",0.06736842105263154,0.8310245847090769,0.8401598041804513,0.7587287227129221,0.916272651042336,40
Taylor,0.25,1PN,"(0.133, 0.267]",0.20210526315789465,0.7199867744989468,0.725854547507754,0.6694615477738675,0.7772917290517336,40
Taylor,0.25,1PN,"(0.267, 0.4]",0.33684210526315783,0.6516968617996644,0.6553418417055078,0.620630216694247,0.6883938563229622,40
Taylor,0.25,1PN,"(0.4, 0.533]",0.471578947368421,0.6187515852723735,0.6166971082832974,0.5995316447483179,0.6293103220895311,40
Taylor,0.25,1PN,"(0.533, 0.667]",0.6015037593984963,0.6075781235408733,0.6071236165979751,0.6039815014527609,0.6116066792007135,28
Taylor,0.25,1PN,"(0.667, 0.8]",0.7234449760765552,0.6014081576487325,0.6007240055300415,0.5957824656227486,0.6075128309318929,11
Taylor,0.25,2PN,"(-0.801, -0.667]",-0.7234449760765552,3.818026309605294,3.610252719169735,2.897012309118529,4.079241870013041,11
Taylor,0.25,2PN,"(-0.667, -0.533]",-0.6015037593984963,2.586818664508791,2.6224894680109796,2.16752772615484,3.2464405211708964,28
Taylor,0.25,2PN,"(-0.533, -0.4]",-0.4715789473684212,1.8985851536512814,2.0029709036086283,1.5586904284740464,2.397326684001576,40
Taylor,0.25,2PN,"(-0.4, -0.267]",-0.33684210526315794,1.3862878790736763,1.4264285519359268,1.1831026638179387,1.6615997573579842,40
Taylor,0.25,2PN,"(-0.267, -0.133]",-0.2021052631578948,1.0871629089096848,1.1068213056657936,0.9448939262742236,1.2671339070932954,40
Taylor,0.25,2PN,"(-0.133, 0.0]",-0.0673684210526316,0.8966833788026025,0.9096726335917346,0.8009042620820311,1.0199355547497984,40
Taylor,0.25,2PN,"(0.0, 0.133]",0.06736842105263152,0.7799816146465699,0.7871745056505984,0.715190207203518,0.8618100300292324,40
Taylor,0.25,2PN,"(0.133, 0.267]",0.20210526315789465,0.7121806121756686,0.7158335454075441,0.6679561564480925,0.7644427082854373,40
Taylor,0.25,2PN,"(0.267, 0.4]",0.33684210526315783,0.6792213451382882,0.679464253946732,0.6475828870371731,0.7100669732368251,40
Taylor,0.25,2PN,"(0.4, 0.533]",0.471578947368421,0.6706550929276438,0.66934237280975,0.6520412552535035,0.6875616830922685,40
Taylor,0.25,2PN,"(0.533, 0.667]",0.6015037593984963,0.6870213838991899,0.6843884859420524,0.680472714666124,0.6914430883682472,28
Taylor,0.25,2PN,"(0.667, 0.8]",0.7234449760765552,0.7007115029303779,0.6996429883374133,0.6956891025275869,0.7039952426088016,11
Taylor,0.3,0PN,"(-0.801, -0.667]",-0.7238866396761133,6.329052508375343,6.245793002022048,6.324144068262921,6.33841865960058,12
Taylor,0.3,0PN,"(-0.667, -0.533]",-0.5934599813142324,5.474355894282321,5.312296445485115,4.651395507883159,6.280724357774633,26
Taylor,0.3,0PN,"(-0.533, -0.4]",-0.46435116130406984,3.8915546736234887,4.10634223875333,3.181558785124777,4.931312474022153,38
Taylor,0.3,0PN,"(-0.4, -0.267]",-0.33360323886639676,2.6808946707982164,2.821583316266402,2.3103863208867113,3.2035822963833795,42
Taylor,0.3,0PN,"(-0.267, -0.133]",-0.2008097165991903,2.0358323388464026,2.0817910907857167,1.80119708001094,2.3066674900861877,40
Taylor,0.3,0PN,"(-0.133, 0.0]",-0.06801619433198385,1.6205835270111801,1.656487195083631,1.486897583421499,1.8023640202883913,42
Taylor,0.3,0PN,"(0.0, 0.133]",0.06801619433198375,1.374141459968831,1.3925482922363566,1.2763295706262512,1.4864697959985587,42
Taylor,0.3,0PN,"(0.133, 0.267]",0.20080971659919017,1.1979952973133972,1.2119837721771234,1.1365295898318817,1.2795319050396519,40
Taylor,0.3,0PN,"(0.267, 0.4]",0.3336032388663967,1.086539795983343,1.0963712592503572,1.047881190388149,1.1417658751557946,42
Taylor,0.3,0PN,"(0.4, 0.533]",0.4643511613040698,1.0214840385740531,1.0258242249473468,0.9930367101956232,1.0540253200404135,38
Taylor,0.3,0PN,"(0.533, 0.667]",0.5934599813142323,0.9909465209496324,0.9954338734459948,0.9808753766918474,1.0053005160451547,26
Taylor,0.3,0PN,"(0.667, 0.8]",0.7238866396761133,0.9715620569023082,0.9711338489835167,0.9671968938121033,0.9768613000228151,12
Taylor,0.3,1PN,"(-0.801, -0.667]",-0.7238866396761133,3.3864137098359017,3.2910975324750935,2.950171416826147,3.6223626453137654,12
Taylor,0.3,1PN,"(-0.667, -0.533]",-0.5934599813142324,2.526061064799373,2.551220337874354,2.254355803912759,2.8660136964648846,26
Taylor,0.3,1PN,"(-0.533, -0.4]",-0.46435116130406984,2.006966214777605,2.0680963088971858,1.7586164908953537,2.3456539081655667,38
Taylor,0.3,1PN,"(-0.4, -0.267]",-0.33360323886639676,1.5475813394650826,1.5888505191771694,1.3834936316177844,1.7604379819519362,42
Taylor,0.3,1PN,"(-0.267, -0.133]",-0.20080971659919028,1.2461533709496129,1.2619691085874967,1.1239293532382628,1.3779746207992591,40
Taylor,0.3,1PN,"(-0.133, 0.0]",-0.06801619433198385,1.0273242010785866,1.0460070994550206,0.9552444181049673,1.1242962135077137,42
Taylor,0.3,1PN,"(0.0, 0.133]",0.06801619433198375,0.8940934551683506,0.9048423787878688,0.8416861062798163,0.9566168107000285,42
Taylor,0.3,1PN,"(0.133, 0.267]",0.20080971659919017,0.8007555733409997,0.8086034341433198,0.7690042316963424,0.8442883806872167,40
Taylor,0.3,1PN,"(0.267, 0.4]",0.3336032388663967,0.7459819330773221,0.7516510729460125,0.7281653932552105,0.7735290514734265,42
Taylor,0.3,1PN,"(0.4, 0.533]",0.4643511613040698,0.7219546001621182,0.7232465987636757,0.7106920824966487,0.7335329813065985,38
Taylor,0.3,1PN,"(0.533, 0.667]",0.5934599813142323,0.7171296488244239,0.7171291198937164,0.715652861920016,0.7193436341596703,26
Taylor,0.3,1PN,"(0.667, 0.8]",0.7238866396761133,0.7125736213088814,0.7122412930612577,0.7068597252714987,0.7175532054713587,12
Taylor,0.3,2PN,"(-0.801, -0.667]",-0.7238866396761133,2.3067057390388213,2.2295247085260317,2.065282927977262,2.3934397530245364,12
Taylor,0.3,2PN,"(-0.667, -0.533]",-0.5934599813142324,1.8859970583987329,1.8717677772336745,1.7013004983822064,2.0885359486901063,26
Taylor,0.3,2PN,"(-0.533, -0.4]",-0.46435116130406984,1.5669222103771643,1.6073976074480938,1.3819788271289768,1.8140007428490348,38
Taylor,0.3,2PN,"(-0.4, -0.267]",-0.33360323886639676,1.2931558969208279,1.3033553029888838,1.1372690091555384,1.4340053386876095,42
Taylor,0.3,2PN,"(-0.267, -0.133]",-0.20080971659919028,1.089337689381456,1.08533144482112,0.966513611664105,1.179754798817061,40
Taylor,0.3,2PN,"(-0.133, 0.0]",-0.06801619433198385,0.9273142000784864,0.9421681441309167,0.8610349971628734,1.0102385605481827,42
Taylor,0.3,2PN,"(0.0, 0.133]",0.06801619433198375,0.8468285493773544,0.8549326259078188,0.7994709398118852,0.9034949518596629,42
Taylor,0.3,2PN,"(0.133, 0.267]",0.20080971659919017,0.7916730212649172,0.800822656065512,0.7622617307327071,0.8366919841611712,40
Taylor,0.3,2PN,"(0.267, 0.4]",0.3336032388663967,0.7790455836813215,0.7780727627340389,0.7556852602505354,0.8001384992881871,42
Taylor,0.3,2PN,"(0.4, 0.533]",0.4643511613040698,0.7815903661133998,0.7787047761603627,0.7692729868870475,0.7916811642402326,38
Taylor,0.3,2PN,"(0.533, 0.667]",0.5934599813142323,0.7983954974775151,0.7987372807097981,0.794940817341164,0.803069946314112,26
Taylor,0.3,2PN,"(0.667, 0.8]",0.7238866396761133,0.8200039127198866,0.8187186074593641,0.8128802396881519,0.8258151072868544,12
Taylor,0.35,0PN,"(-0.801, -0.667]",-0.7196881091617934,5.368993232641217,5.302363045097181,4.880311455522323,5.763666511372473,12
Taylor,0.35,0PN,"(-0.667, -0.533]",-0.5910331384015595,4.012572971743931,4.066825796435569,3.6051085850703206,4.5376874752111105,23
Taylor,0.35,0PN,"(-0.533, -0.4]",-0.46180917759865125,3.1484279877033554,3.2049952942500717,2.7243235263072654,3.649151080269629,37
Taylor,0.35,0PN,"(-0.4, -0.267]",-0.3337231968810916,2.4562424593450634,2.533134028441027,2.159262966173402,2.826712429420759,42
Taylor,0.35,0PN,"(-0.267, -0.133]",-0.2011695906432749,1.9742582785969025,2.0193206035844105,1.7951715353645554,2.2042678493168717,43
Taylor,0.35,0PN,"(-0.133, 0.0]",-0.067056530214425,1.629962925459452,1.6475518886083247,1.500586423821472,1.7729297481717283,43
Taylor,0.35,0PN,"(0.0, 0.133]",0.0670565302144249,1.4186901089761568,1.437560050023465,1.3360049810274865,1.5261549459782249,43
Taylor,0.35,0PN,"(0.133, 0.267]",0.20116959064327478,1.264090451465139,1.2725440576479015,1.2049852849307217,1.3299549386419869,43
Taylor,0.35,0PN,"(0.267, 0.4]",0.33372319688109153,1.1700898021273207,1.1764359907213422,1.1267455663643942,1.2191336158452137,42
Taylor,0.35,0PN,"(0.4, 0.533]",0.4618091775986512,1.1144581840056769,1.119895969270025,1.0922909045264966,1.1432024771952878,37
Taylor,0.35,0PN,"(0.533, 0.667]",0.5910331384015594,1.0867112852445144,1.0883307808844724,1.0772406799492646,1.0965230526407295,23
Taylor,0.35,0PN,"(0.667, 0.8]",0.7196881091617934,1.0668637464776725,1.0659359788632798,1.0619486875547253,1.0701992060631302,12
Taylor,0.35,1PN,"(-0.801, -0.667]",-0.7196881091617934,2.5535116844864016,2.5476209042164264,2.3996633907158422,2.705560700791415,12
Taylor,0.35,1PN,"(-0.667, -0.533]",-0.5910331384015595,2.108382552702028,2.1084734394607407,1.950543128524666,2.269860692532843,23
Taylor,0.35,1PN,"(-0.533, -0.4]",-0.46180917759865125,1.7706902139259784,1.78344773408865,1.5986109550501393,1.9609822633879417,37
Taylor,0.35,1PN,"(-0.4, -0.267]",-0.3337231968810916,1.4729441295120802,1.5003450352559942,1.3331803579125756,1.6405938175595738,42
Taylor,0.35,1PN,"(-0.267, -0.133]",-0.2011695906432749,1.2381846712361662,1.2580351727157424,1.1459066088719063,1.356183040836024,43
Taylor,0.35,1PN,"(-0.133, 0.0]",-0.067056530214425,1.0555054797148768,1.0652611013900677,0.9861349786769578,1.130865541751086,43
Taylor,0.35,1PN,"(0.0, 0.133]",0.0670565302144249,0.943442584223682,0.953530251694795,0.8991612966590494,0.9989022207056977,43
Taylor,0.35,1PN,"(0.133, 0.267]",0.20116959064327478,0.8632503674567382,0.8681129168594041,0.8325480412063488,0.8967116143095539,43
Taylor,0.35,1PN,"(0.267, 0.4]",0.33372319688109153,0.8196547586229699,0.8227625281369885,0.8016824089514443,0.8420959120748368,42
Taylor,0.35,1PN,"(0.4, 0.533]",0.4618091775986512,0.7992266608533618,0.8015722450057067,0.7939470659403143,0.8095026936171146,37
Taylor,0.35,1PN,"(0.533, 0.667]",0.5910331384015594,0.796266659588682,0.7952579953450488,0.7938690419747592,0.797607892129365,23
Taylor,0.35,1PN,"(0.667, 0.8]",0.7196881091617934,0.7940808902844279,0.7927086561310063,0.7889696342196332,0.7967280524720531,12
Taylor,0.35,2PN,"(-0.801, -0.667]",-0.7196881091617934,1.8566419975177044,1.8366831437737152,1.7535987842551966,1.9252826729886352,12
Taylor,0.35,2PN,"(-0.667, -0.533]",-0.5910331384015595,1.6025950242985498,1.601153142213625,1.506098684080221,1.7118048869522853,23
Taylor,0.35,2PN,"(-0.533, -0.4]",-0.46180917759865125,1.3920666774783013,1.4168381001522834,1.280179111865821,1.5521413792995324,37
Taylor,0.35,2PN,"(-0.4, -0.267]",-0.3337231968810916,1.2277196070598348,1.2446242250797384,1.1109581356903533,1.364966254803298,42
Taylor,0.35,2PN,"(-0.267, -0.133]",-0.20116959064327486,1.0797688296520076,1.0917487766342737,0.9938914073517546,1.1913665591878586,43
Taylor,0.35,2PN,"(-0.133, 0.0]",-0.067056530214425,0.9426941985867644,0.9678932250675517,0.9087853069314892,1.0175277054043645,43
Taylor,0.35,2PN,"(0.0, 0.133]",0.0670565302144249,0.9078814150132924,0.9060464335455383,0.8615427550956594,0.9407695267473641,43
Taylor,0.35,2PN,"(0.133, 0.267]",0.20116959064327478,0.8568758545853368,0.8627170284333521,0.8348605667093245,0.8909742880568328,43
Taylor,0.35,2PN,"(0.267, 0.4]",0.33372319688109153,0.8511620670676194,0.8516797055690174,0.8317079231409908,0.8676391296947653,42
Taylor,0.35,2PN,"(0.4, 0.533]",0.4618091775986512,0.8627605436821688,0.8598483428857652,0.8522879120728644,0.8682685022862726,37
Taylor,0.35,2PN,"(0.533, 0.667]",0.5910331384015594,0.8811591545909785,0.8809709144630476,0.8770291649892747,0.885461080026974,23
Taylor,0.35,2PN,"(0.667, 0.8]",0.7196881091617934,0.9012965330835456,0.9040531239111177,0.898101135922155,0.9107808496066785,12
Taylor,0.4,0PN,"(-0.801, -0.667]",-0.7133834586466167,4.175150683095617,4.1777851665747345,3.922622525721222,4.45224554948679,10
Taylor,0.4,0PN,"(-0.667, -0.533]",-0.5892121608368749,3.348021474091805,3.366048373430354,3.0612485668911207,3.651352392050544,23
Taylor,0.4,0PN,"(-0.533, -0.4]",-0.45926581158779306,2.765912326587924,2.788660489093333,2.488319611981038,3.053062315749971,34
Taylor,0.4,0PN,"(-0.4, -0.267]",-0.33082706766917297,2.299062280477112,2.3567452176478234,2.079021815709086,2.586825950772,44
Taylor,0.4,0PN,"(-0.267, -0.133]",-0.19849624060150378,1.9002045319949357,1.9346106793087927,1.7536450564802473,2.0882482563652727,44
Taylor,0.4,0PN,"(-0.133, 0.0]",-0.06616541353383464,1.6397300083703528,1.6650617680682522,1.5323852093303,1.7700776546367647,44
Taylor,0.4,0PN,"(0.0, 0.133]",0.06616541353383454,1.4570120919096703,1.4668806448613412,1.380987081455911,1.5493921666935306,44
Taylor,0.4,0PN,"(0.133, 0.267]",0.1984962406015037,1.328401587580665,1.3346095654027839,1.2739523213268373,1.3921727504747394,44
Taylor,0.4,0PN,"(0.267, 0.4]",0.3308270676691729,1.23666289650228,1.2380044500787917,1.1963935879350636,1.278359108375632,44
Taylor,0.4,0PN,"(0.4, 0.533]",0.459265811587793,1.1859702110319603,1.1898955394224144,1.166762119456454,1.2098375580577634,34
Taylor,0.4,0PN,"(0.533, 0.667]",0.5892121608368748,1.1553938355276046,1.1589854697527284,1.1480633957615358,1.1675590328195578,23
Taylor,0.4,0PN,"(0.667, 0.8]",0.7133834586466166,1.1382477854711965,1.1375114129711545,1.1323587813084746,1.1408704337460764,10
Taylor,0.4,1PN,"(-0.801, -0.667]",-0.7133834586466167,2.1945526232896357,2.1941468027383504,2.1068409475634065,2.2866289878306234,10
Taylor,0.4,1PN,"(-0.667, -0.533]",-0.5892121608368749,1.8884924442918551,1.8860395029780919,1.7719196339978311,1.998022270085146,23
Taylor,0.4,1PN,"(-0.533, -0.4]",-0.45926581158779306,1.638599595314797,1.6424046870425395,1.513422122232063,1.758932902808677,34
Taylor,0.4,1PN,"(-0.4, -0.267]",-0.33082706766917297,1.4181741916682309,1.4438175612458195,1.3119451080383193,1.5549227604529685,44
Taylor,0.4,1PN,"(-0.267, -0.133]",-0.19849624060150378,1.2177362851702536,1.2347588759466384,1.1451842103956387,1.3135707886184982,44
Taylor,0.4,1PN,"(-0.133, 0.0]",-0.06616541353383464,1.079674002769793,1.093804642355681,1.0234403502868847,1.1486155084221437,44
Taylor,0.4,1PN,"(0.0, 0.133]",0.06616541353383454,0.9833647271731968,0.988978309173227,0.9451434970974751,1.0312266825546363,44
Taylor,0.4,1PN,"(0.133, 0.267]",0.1984962406015037,0.9183605834802546,0.9213864249069161,0.8901139374884537,0.9485991123796462,44
Taylor,0.4,1PN,"(0.267, 0.4]",0.3308270676691729,0.8770999863770546,0.8768228773760669,0.8583928611498484,0.8948910412839701,44
Taylor,0.4,1PN,"(0.4, 0.533]",0.459265811587793,0.8588034621966183,0.8602390443611438,0.8544580546976398,0.865384967389358,34
Taylor,0.4,1PN,"(0.533, 0.667]",0.5892121608368748,0.8537636725113025,0.8533896927837271,0.851348960173232,0.8562493231194179,23
Taylor,0.4,1PN,"(0.667, 0.8]",0.7133834586466166,0.8537023658472689,0.8519628581156692,0.8488945225428502,0.854480156194365,10
Taylor,0.4,2PN,"(-0.801, -0.667]",-0.7133834586466167,1.6300961776450718,1.6275301410721839,1.5767879422628766,1.683968721804021,10
Taylor,0.4,2PN,"(-0.667, -0.533]",-0.5892121608368749,1.4654332152659215,1.4576836239119244,1.3826807101054421,1.5347407308844279,23
Taylor,0.4,2PN,"(-0.533, -0.4]",-0.45926581158779306,1.3150227284359748,1.3220903026629252,1.23019379939978,1.4144984593643324,34
Taylor,0.4,2PN,"(-0.4, -0.267]",-0.33082706766917297,1.189351309380002,1.210085097090313,1.1047243859661116,1.2990971778947127,44
Taylor,0.4,2PN,"(-0.267, -0.133]",-0.19849624060150378,1.0716724947952645,1.081034412591212,1.0076452095203816,1.1557349862625987,44
Taylor,0.4,2PN,"(-0.133, 0.0]",-0.06616541353383464,0.9969335718231922,0.9998861595983143,0.9493619728640803,1.0612752791567903,44
Taylor,0.4,2PN,"(0.0, 0.133]",0.06616541353383454,0.9316081256119014,0.9439192578135457,0.9031037731369245,0.9721558401373326,44
Taylor,0.4,2PN,"(0.133, 0.267]",0.1984962406015037,0.9114824330338708,0.9167132303147297,0.8869268558486252,0.9387872938744378,44
Taylor,0.4,2PN,"(0.267, 0.4]",0.3308270676691729,0.9074645089668132,0.9072077340435517,0.8911522177632527,0.9236838905811119,44
Taylor,0.4,2PN,"(0.4, 0.533]",0.459265811587793,0.9229974154210745,0.9205744896703806,0.9151844423490842,0.928167949457869,34
Taylor,0.4,2PN,"(0.533, 0.667]",0.5892121608368748,0.9411563603701288,0.9422681458464247,0.9361275083594046,0.9487415232777068,23
Taylor,0.4,2PN,"(0.667, 0.8]",0.7133834586466166,0.964825967302277,0.9665343152613834,0.9605056836589617,0.9704350478652669,10
Taylor,0.45,0PN,"(-0.801, -0.667]",-0.7154668279895141,3.617938694471417,3.6368616120111006,3.5124095110514624,3.7877970419664257,9
Taylor,0.45,0PN,"(-0.667, -0.533]",-0.5949356148993173,3.0386469280717607,3.02186234661949,2.8334836278286217,3.223887410853861,21
Taylor,0.45,0PN,"(-0.533, -0.4]",-0.4637738546994446,2.567867461966288,2.582745575484622,2.375339528697117,2.7738337056477143,33
Taylor,0.45,0PN,"(-0.4, -0.267]",-0.33209041412308204,2.186075030935068,2.2264596195613433,2.032107839156068,2.4239009068097848,44
Taylor,0.45,0PN,"(-0.267, -0.133]",-0.20036297640653364,1.8856559168448213,1.9118697051256952,1.7566894390337964,2.0589847907147707,46
Taylor,0.45,0PN,"(-0.133, 0.0]",-0.0667876588021779,1.6655284160921584,1.6780302370452551,1.5614187661144807,1.7697956156414723,46
Taylor,0.45,0PN,"(0.0, 0.133]",0.06678765880217781,1.4740258508181712,1.4894789870553977,1.41298232345704,1.56356088957617,46
Taylor,0.45,0PN,"(0.133, 0.267]",0.20036297640653353,1.3648666342264453,1.373941686235343,1.3132083627666602,1.425255930776804,46
Taylor,0.45,0PN,"(0.267, 0.4]",0.332090414123082,1.288804253657776,1.2908903384794181,1.2490914847110708,1.3237914536645912,44
Taylor,0.45,0PN,"(0.4, 0.533]",0.4637738546994445,1.2395091255823023,1.2420025111596626,1.2238644327602373,1.2599106415407126,33
Taylor,0.45,0PN,"(0.533, 0.667]",0.5949356148993173,1.2104495295849995,1.2127563279936342,1.2042203104124902,1.2195149164408234,21
Taylor,0.45,0PN,"(0.667, 0.8]",0.715466827989514,1.1922962999737017,1.1911018016078216,1.187964700158736,1.1948424997340226,9
Taylor,0.45,1PN,"(-0.801, -0.667]",-0.7154668279895141,2.028179718573828,2.0239892136601543,1.98025629572993,2.0764259048527145,9
Taylor,0.45,1PN,"(-0.667, -0.533]",-0.5949356148993173,1.784121475526506,1.7692418464742374,1.686968976363476,1.846949717084484,21
Taylor,0.45,1PN,"(-0.533, -0.4]",-0.4637738546994446,1.5653672119412856,1.5702564477839729,1.4856505598002272,1.659322254502599,33
Taylor,0.45,1PN,"(-0.4, -0.267]",-0.33209041412308204,1.3811945428862633,1.3979949549130604,1.3032601658986493,1.4954080575248563,44
Taylor,0.45,1PN,"(-0.267, -0.133]",-0.20036297640653364,1.2255899102441612,1.2384632340438044,1.1590296730571992,1.3137102632620254,46
Taylor,0.45,1PN,"(-0.133, 0.0]",-0.0667876588021779,1.1080601994838284,1.115504419246084,1.0530160319436974,1.1638160265977746,46
Taylor,0.45,1PN,"(0.0, 0.133]",0.06678765880217781,1.0071791661497045,1.0167534536324903,0.9764900181857685,1.056110144501662,46
Taylor,0.45,1PN,"(0.133, 0.267]",0.20036297640653353,0.9532254701100333,0.9590480229559717,0.9303700789382774,0.9836117663603626,46
Taylor,0.45,1PN,"(0.267, 0.4]",0.332090414123082,0.9207674499774078,0.9217079656966852,0.9050379905262574,0.9334517863514404,44
Taylor,0.45,1PN,"(0.4, 0.533]",0.4637738546994445,0.903252357947988,0.904368747783325,0.8997307282330693,0.9080844246572256,33
Taylor,0.45,1PN,"(0.533, 0.667]",0.5949356148993173,0.8984347624686766,0.89859157818532,0.8969697796436131,0.901666654634698,21
Taylor,0.45,1PN,"(0.667, 0.8]",0.715466827989514,0.8960629949399386,0.8970279497781942,0.8954666170054049,0.9009839846072544,9
Taylor,0.45,2PN,"(-0.801, -0.667]",-0.7154668279895141,1.5217290735093203,1.5223390486436523,1.4938076508654436,1.5531735796201906,9
Taylor,0.45,2PN,"(-0.667, -0.533]",-0.5949356148993173,1.3885913636386582,1.380822052113849,1.3333336128271216,1.4326335401039767,21
Taylor,0.45,2PN,"(-0.533, -0.4]",-0.4637738546994446,1.2740673639100917,1.2738631720927676,1.2024222369679445,1.336089957353659,33
Taylor,0.45,2PN,"(-0.4, -0.267]",-0.33209041412308204,1.1674993423910154,1.1804822945561155,1.1045040907766333,1.2536909881493865,44
Taylor,0.45,2PN,"(-0.267, -0.133]",-0.20036297640653364,1.0783013992055235,1.0900309995160038,1.0240690952344376,1.1442933215678557,46
Taylor,0.45,2PN,"(-0.133, 0.0]",-0.0667876588021779,1.0190449097315109,1.024051795722862,0.9771834667747343,1.067077760843038,46
Taylor,0.45,2PN,"(0.0, 0.133]",0.06678765880217781,0.965540890821788,0.9741057105973172,0.9377279770999228,0.9999368048587247,46
Taylor,0.45,2PN,"(0.133, 0.267]",0.20036297640653353,0.9511000583655134,0.9563694942335342,0.9337124880825137,0.9774423129757736,46
Taylor,0.45,2PN,"(0.267, 0.4]",0.332090414123082,0.9538088417586306,0.9538748187456264,0.9393845646029202,0.9679429449590734,44
Taylor,0.45,2PN,"(0.4, 0.533]",0.4637738546994445,0.9700414138854924,0.9679144962975703,0.9623733879814425,0.975051815506916,33
Taylor,0.45,2PN,"(0.533, 0.667]",0.5949356148993173,0.99122760739278,0.9916294534014133,0.985778660531702,0.9984763356027956,21
Taylor,0.45,2PN,"(0.667, 0.8]",0.715466827989514,1.014808846144497,1.0157953820769796,1.0093874765609945,1.0201959057993744,9
Taylor,0.5,0PN,"(-0.801, -0.667]",-0.7282651072124756,3.316038178059747,3.3501853809351063,3.225571980550875,3.488669059723453,9
Taylor,0.5,0PN,"(-0.667, -0.533]",-0.5968253968253968,2.8282923936537263,2.818520125776485,2.6711232905719497,2.963690253627876,21
Taylor,0.5,0PN,"(-0.533, -0.4]",-0.45902992776057794,2.4063177385681334,2.4172026463871985,2.2747064735590876,2.575876929313472,34
Taylor,0.5,0PN,"(-0.4, -0.267]",-0.33093259464450603,2.134927345644427,2.1527981958718887,2.0082604063483465,2.2975842257759274,38
Taylor,0.5,0PN,"(-0.267, -0.133]",-0.208187134502924,1.8793730775081021,1.9052278995979721,1.7784387042967147,2.019095546383167,48
Taylor,0.5,0PN,"(-0.133, 0.0]",-0.07017543859649127,1.6651976533347115,1.6791545579955232,1.579095618165195,1.7613146946610958,50
Taylor,0.5,0PN,"(0.0, 0.133]",0.07017543859649118,1.506448601984185,1.5170515485095912,1.4467327790936173,1.5827267886582326,50
Taylor,0.5,0PN,"(0.133, 0.267]",0.20818713450292392,1.3936356684211062,1.400391974895314,1.3511098689742047,1.441373508455266,48
Taylor,0.5,0PN,"(0.267, 0.4]",0.330932594644506,1.3209841521934753,1.3275441529095537,1.2937456254619268,1.3574038359728082,38
Taylor,0.5,0PN,"(0.4, 0.533]",0.4590299277605778,1.285850088845173,1.2881229842461817,1.2706170719865457,1.3018042211145906,34
Taylor,0.5,0PN,"(0.533, 0.667]",0.5968253968253967,1.2522588827587766,1.2551496549569847,1.2475973684356854,1.26233147253523,21
Taylor,0.5,0PN,"(0.667, 0.8]",0.7282651072124756,1.2322914512430687,1.2315000798924163,1.2291365446533895,1.2357398770705528,9
Taylor,0.5,1PN,"(-0.801, -0.667]",-0.7282651072124756,1.9230988841303551,1.9295988778403523,1.8830377271255323,1.9837185646739488,9
Taylor,0.5,1PN,"(-0.667, -0.533]",-0.5968253968253968,1.6961791823325938,1.695893577407363,1.637419920234917,1.7547693615386677,21
Taylor,0.5,1PN,"(-0.533, -0.4]",-0.45902992776057794,1.505427649559232,1.5058409219794633,1.4391722332445034,1.579377279348476,34
Taylor,0.5,1PN,"(-0.4, -0.267]",-0.33093259464450603,1.3648503379436565,1.3740255817683729,1.305390119319643,1.4466991372670766,38
Taylor,0.5,1PN,"(-0.267, -0.133]",-0.208187134502924,1.2345085910594573,1.247162093017314,1.1817790383301179,1.3054241792464527,48
Taylor,0.5,1PN,"(-0.133, 0.0]",-0.07017543859649127,1.1195430878781656,1.1286035028900125,1.0770454131446932,1.1724558087725063,50
Taylor,0.5,1PN,"(0.0, 0.133]",0.07017543859649118,1.0380017572997162,1.0441082541801583,1.0058886946851757,1.0766761835977263,50
Taylor,0.5,1PN,"(0.133, 0.267]",0.20818713450292392,0.9807943842926936,0.9861838874198998,0.9630710650938167,1.0053299040948303,48
Taylor,0.5,1PN,"(0.267, 0.4]",0.330932594644506,0.9513471884971056,0.9541383912807594,0.94154660299745,0.9657646720564171,38
Taylor,0.5,1PN,"(0.4, 0.533]",0.4590299277605778,0.9394154453808268,0.9410529831284231,0.9354648997623493,0.9445908710397035,34
Taylor,0.5,1PN,"(0.533, 0.667]",0.5968253968253967,0.9353359526021237,0.9345080669886641,0.93304528533334,0.936549150499398,21
Taylor,0.5,1PN,"(0.667, 0.8]",0.7282651072124756,0.9343930253313136,0.932003463564117,0.9291065416530896,0.9350618658937496,9
Taylor,0.5,2PN,"(-0.801, -0.667]",-0.7282651072124756,1.455052079449887,1.4609297887092167,1.4349929226450835,1.4916693597534567,9
Taylor,0.5,2PN,"(-0.667, -0.533]",-0.5968253968253968,1.3359998157251534,1.3336859280710005,1.2943554108750006,1.3744909125601477,21
Taylor,0.5,2PN,"(-0.533, -0.4]",-0.45902992776057794,1.2313453391310045,1.23261359924719,1.1851298264936587,1.2820938594661158,34
Taylor,0.5,2PN,"(-0.4, -0.267]",-0.33093259464450603,1.164212290098794,1.1676049397041666,1.1076847508644931,1.2202764950028504,38
Taylor,0.5,2PN,"(-0.267, -0.133]",-0.208187134502924,1.09086482126464,1.1003974165496673,1.0442429729189575,1.1443603344554443,48
Taylor,0.5,2PN,"(-0.133, 0.0]",-0.07017543859649127,1.0330630241829868,1.0394745899987234,0.9938066145572989,1.075581384978089,50
Taylor,0.5,2PN,"(0.0, 0.133]",0.07017543859649118,0.9964641763222044,1.0035601993746779,0.9731536324163022,1.0341188705909259,50
Taylor,0.5,2PN,"(0.133, 0.267]",0.20818713450292392,0.982655591256796,0.9870839774289007,0.9674402156923247,1.0082835089099407,48
Taylor,0.5,2PN,"(0.267, 0.4]",0.330932594644506,0.9869967233542918,0.9876154231944769,0.9751350755627629,1.0021549685857087,38
Taylor,0.5,2PN,"(0.4, 0.533]",0.4590299277605778,1.0058852352833532,1.005294701417899,0.9990634683821147,1.0129366603528511,34
Taylor,0.5,2PN,"(0.533, 0.667]",0.5968253968253967,1.0290047549959436,1.03025097461276,1.024108566357731,1.0349373452121022,21
Taylor,0.5,2PN,"(0.667, 0.8]",0.7282651072124756,1.0566277925771042,1.0565492514762416,1.0509213952223684,1.0622830606338298,9
Taylor,0.55,0PN,"(-0.801, -0.667]",-0.7266553480475382,3.1232612645455444,3.127164351598949,3.036050503270169,3.224089273718678,9
Taylor,0.55,0PN,"(-0.667, -0.533]",-0.5958573853989814,2.6600550369601104,2.6722376049561154,2.570229691516688,2.7924505509940825,20
Taylor,0.55,0PN,"(-0.533, -0.4]",-0.4636836628511967,2.325027674750919,2.3347972858684103,2.2117661949149747,2.4393257808863567,31
Taylor,0.55,0PN,"(-0.4, -0.267]",-0.3303096450804431,2.075549886158182,2.0864723647907604,1.9731284725332137,2.2048245414605194,42
Taylor,0.55,0PN,"(-0.267, -0.133]",-0.19966044142614606,1.856078476929071,1.8734371433640644,1.7640681705289794,1.9722827593799028,49
Taylor,0.55,0PN,"(-0.133, 0.0]",-0.06655348047538205,1.6702510630170702,1.6836471588743411,1.6002119732768567,1.7601728016951674,49
Taylor,0.55,0PN,"(0.0, 0.133]",0.06655348047538194,1.5306383153512653,1.5375002979439574,1.4748249490347538,1.596465261982127,49
Taylor,0.55,0PN,"(0.133, 0.267]",0.19966044142614595,1.42924885648942,1.4335380013685748,1.3856868212515097,1.474793013029196,49
Taylor,0.55,0PN,"(0.267, 0.4]",0.33030964508044297,1.362026940439508,1.3658626784912191,1.336652836647128,1.39147284099961,42
Taylor,0.55,0PN,"(0.4, 0.533]",0.4636836628511966,1.318228202151538,1.3216579414539955,1.3057683748583178,1.338039196164283,31
Taylor,0.55,0PN,"(0.533, 0.667]",0.5958573853989813,1.2885570429837832,1.2893106958529277,1.2821846086552162,1.296022738860045,20
Taylor,0.55,0PN,"(0.667, 0.8]",0.7266553480475382,1.2674070944899536,1.2658789372368102,1.261202268641775,1.2709094436197588,9
Taylor,0.55,1PN,"(-0.801, -0.667]",-0.7266553480475382,1.8455564702813985,1.8482809076990039,1.806285939261576,1.8863555003413408,9
Taylor,0.55,1PN,"(-0.667, -0.533]",-0.5958573853989814,1.6406510414541526,1.6407744586414839,1.5933405711924808,1.694720636674758,20
Taylor,0.55,1PN,"(-0.533, -0.4]",-0.4636836628511967,1.475516221156652,1.476182392120971,1.4168867069661801,1.5236342117294406,31
Taylor,0.55,1PN,"(-0.4, -0.267]",-0.3303096450804431,1.3434766788374501,1.3502273117140244,1.2924081040457653,1.4103450935157242,42
Taylor,0.55,1PN,"(-0.267, -0.133]",-0.19966044142614606,1.2304159106724453,1.2404269035645743,1.1853486948603695,1.2914146725712223,49
Taylor,0.55,1PN,"(-0.133, 0.0]",-0.06655348047538205,1.1317972176325313,1.1407847093640842,1.0969616482443532,1.1817149559105888,49
Taylor,0.55,1PN,"(0.0, 0.133]",0.06655348047538194,1.061791430662797,1.0654694213869138,1.0331807846183123,1.0958240212016106,49
Taylor,0.55,1PN,"(0.133, 0.267]",0.19966044142614595,1.0124071723210033,1.0143450616664413,0.990738040814442,1.0339052961452522,49
Taylor,0.55,1PN,"(0.267, 0.4]",0.33030964508044297,0.9844667059120062,0.9850055451588382,0.9712269701099988,0.9966333570512153,42
Taylor,0.55,1PN,"(0.4, 0.533]",0.4636836628511966,0.9686577390480382,0.9694162656735145,0.9638105420131252,0.9731473596895415,31
Taylor,0.55,1PN,"(0.533, 0.667]",0.5958573853989813,0.9630574189950742,0.9623980045838006,0.9610145486864269,0.964242583359487,20
Taylor,0.55,1PN,"(0.667, 0.8]",0.7266553480475382,0.9617285084446454,0.9602483741805045,0.9575173216198448,0.9621945311807534,9
Taylor,0.55,2PN,"(-0.801, -0.667]",-0.7266553480475382,1.410289967415832,1.4101926544292323,1.3902859268125225,1.4303098957808844,9
Taylor,0.55,2PN,"(-0.667, -0.533]",-0.5958573853989814,1.2987189033467483,1.2993003112267423,1.2704997185193876,1.3287041763566187,20
Taylor,0.55,2PN,"(-0.533, -0.4]",-0.4636836628511967,1.2126136870082125,1.2137303404641926,1.1732623445299362,1.2489588921461516,31
Taylor,0.55,2PN,"(-0.4, -0.267]",-0.3303096450804431,1.149582045233445,1.1535600259378276,1.1061724608615484,1.196527678719574,42
Taylor,0.55,2PN,"(-0.267, -0.133]",-0.19966044142614606,1.0942149928579703,1.101800796055864,1.0545486017208177,1.1435425969164266,49
Taylor,0.55,2PN,"(-0.133, 0.0]",-0.06655348047538205,1.051370022857444,1.0548985697297124,1.0149505891794104,1.0850195646509362,49
Taylor,0.55,2PN,"(0.0, 0.133]",0.06655348047538194,1.0203110138000202,1.0251715140451594,0.9988096100485032,1.0493601505804593,49
Taylor,0.55,2PN,"(0.133, 0.267]",0.19966044142614595,1.0132072523290034,1.0138225604367264,0.994644855670986,1.0296512398030684,49
Taylor,0.55,2PN,"(0.267, 0.4]",0.33030964508044297,1.0213182289786857,1.0190660940708722,1.0069279020019417,1.0306334181280694,42
Taylor,0.55,2PN,"(0.4, 0.533]",0.4636836628511966,1.0373412042216792,1.0362358508578395,1.0316513748399814,1.0420711719710107,31
Taylor,0.55,2PN,"(0.533, 0.667]",0.5958573853989813,1.060303550239367,1.0598877535586984,1.0527053100037846,1.0666208813261497,20
Taylor,0.55,2PN,"(0.667, 0.8]",0.7266553480475382,1.0854869234015432,1.0867499132232978,1.0794082429675425,1.091807492476883,9
Taylor,0.6,0PN,"(-0.801, -0.667]",-0.7251461988304093,2.9561771647996884,2.978101980464218,2.8730035750629503,3.053469196198283,9
Taylor,0.6,0PN,"(-0.667, -0.533]",-0.5931578947368421,2.5765330077970816,2.5639210737908797,2.458606875695989,2.6562025073069537,20
Taylor,0.6,0PN,"(-0.533, -0.4]",-0.4610526315789473,2.27169892146775,2.2743049383068414,2.180850011104728,2.3597366862349602,30
Taylor,0.6,0PN,"(-0.4, -0.267]",-0.3307894736842106,2.0340703063683083,2.0393977891355233,1.9506013720001298,2.125589752588632,40
Taylor,0.6,0PN,"(-0.267, -0.133]",-0.19896800825593397,1.850712557957816,1.8609935849067587,1.765604999173143,1.9462248504352717,51
Taylor,0.6,0PN,"(-0.133, 0.0]",-0.06315789473684215,1.674306369120991,1.6812641305577587,1.6059109273387708,1.7449458483628673,52
Taylor,0.6,0PN,"(0.0, 0.133]",0.0684210526315789,1.543936379290121,1.5523751237138983,1.4945910401832132,1.6034381972154335,48
Taylor,0.6,0PN,"(0.133, 0.267]",0.19896800825593391,1.4517412661782283,1.4549418966481127,1.413609726256512,1.4915758179869039,51
Taylor,0.6,0PN,"(0.267, 0.4]",0.33247753530166874,1.3937461072479111,1.3945404098767016,1.3689084003566716,1.4162938957915443,41
Taylor,0.6,0PN,"(0.4, 0.533]",0.463157894736842,1.346462935965072,1.3483233681119913,1.3336370635158876,1.358178024073522,29
Taylor,0.6,0PN,"(0.533, 0.667]",0.593157894736842,1.3149480818966544,1.317583887016166,1.3100881145868066,1.325744994967785,20
Taylor,0.6,0PN,"(0.667, 0.8]",0.7251461988304093,1.2947951867249388,1.293075985910791,1.287534553822158,1.2977010396901556,9
Taylor,0.6,1PN,"(-0.801, -0.667]",-0.7251461988304093,1.7760591529985086,1.7926501019430323,1.7376900437098146,1.8253463839170552,9
Taylor,0.6,1PN,"(-0.667, -0.533]",-0.5931578947368421,1.602035558052107,1.5984645281363143,1.5511351640187803,1.637130142934953,20
Taylor,0.6,1PN,"(-0.533, -0.4]",-0.4610526315789473,1.4532170732829313,1.454116252771621,1.4122529301889084,1.4956947532119211,30
Taylor,0.6,1PN,"(-0.4, -0.267]",-0.3307894736842106,1.333909279651898,1.3342672760842185,1.2865278657708807,1.3765118691203062,40
Taylor,0.6,1PN,"(-0.267, -0.133]",-0.19896800825593397,1.2370511918212015,1.2417787222440217,1.1915475934325697,1.2853587638266109,51
Taylor,0.6,1PN,"(-0.133, 0.0]",-0.06315789473684215,1.1433748065293028,1.1471491806012246,1.1071906175587376,1.1823980686354232,52
Taylor,0.6,1PN,"(0.0, 0.133]",0.0684210526315789,1.0753540496431575,1.0812280090024273,1.0516874173131305,1.1063470700093965,48
Taylor,0.6,1PN,"(0.133, 0.267]",0.19896800825593391,1.0322991530368135,1.0340527489098095,1.0142343477306277,1.051442552653294,51
Taylor,0.6,1PN,"(0.267, 0.4]",0.33247753530166874,1.0084445017693908,1.0084725347965107,0.9967563700726014,1.017053971799145,41
Taylor,0.6,1PN,"(0.4, 0.533]",0.463157894736842,0.9917711213022216,0.9923153535174284,0.9880546456615144,0.9957417804491596,29
Taylor,0.6,1PN,"(0.533, 0.667]",0.593157894736842,0.9853893597874392,0.9849906276902335,0.9839585682384281,0.9869757110600431,20
Taylor,0.6,1PN,"(0.667, 0.8]",0.7251461988304093,0.9841134300904651,0.9828227383638138,0.983174899406011,0.9843875846891949,9
Taylor,0.6,2PN,"(-0.801, -0.667]",-0.7251461988304093,1.3672182689100991,1.3762529066679494,1.3480510798134255,1.3949033396126245,9
Taylor,0.6,2PN,"(-0.667, -0.533]",-0.5931578947368421,1.2780582050552205,1.2734320248859894,1.2445045009524738,1.2980717745994261,20
Taylor,0.6,2PN,"(-0.533, -0.4]",-0.4610526315789473,1.2018221799925797,1.2016910102473688,1.1719373175073873,1.2260402981188867,30
Taylor,0.6,2PN,"(-0.4, -0.267]",-0.3307894736842106,1.1373596224878935,1.144948344191029,1.1125768592177563,1.178147283410646,40
Taylor,0.6,2PN,"(-0.267, -0.133]",-0.19896800825593397,1.0962156670825105,1.1066907036382396,1.0694707902531864,1.143557636056375,51
Taylor,0.6,2PN,"(-0.133, 0.0]",-0.06315789473684215,1.0604736617720445,1.0645409197751419,1.0319278437648616,1.0964115543888806,52
Taylor,0.6,2PN,"(0.0, 0.133]",0.0684210526315789,1.0376504915415554,1.0423907919473885,1.0187941273352408,1.0643624014590936,48
Taylor,0.6,2PN,"(0.133, 0.267]",0.19896800825593391,1.0330992330448143,1.034005685379927,1.015781703612981,1.0515490338694318,51
Taylor,0.6,2PN,"(0.267, 0.4]",0.33247753530166874,1.0450490543835371,1.0437150834416191,1.0337820631624073,1.0541904377923617,41
Taylor,0.6,2PN,"(0.4, 0.533]",0.463157894736842,1.0626703457563265,1.060046264539565,1.0552338130527803,1.0650210643056337,29
Taylor,0.6,2PN,"(0.533, 0.667]",0.593157894736842,1.0829105107521735,1.0834804766751318,1.0770867125300603,1.0899544141356339,20
Taylor,0.6,2PN,"(0.667, 0.8]",0.7251461988304093,1.1095875406701374,1.1109244374226088,1.1023187666697387,1.1148006259933254,9
